,Sample_ID,Average_Alignment_start,Average_Alignment_end,Median_Alignment_start,Median_Alignment_end,Min_Alignment_start,Max_Alignment_end,Coverage_based_HV_region_start,Coverage_based_HV_region_end,Predicted_HV_region_start,Predicted_HV_region_end,Coverage_HV_region_start,Coverage_HV_region_end,Warnings,Cov_V1,Cov_V2,Cov_V3,Cov_V4,Cov_V5,Cov_V6,Cov_V7,Cov_V8,Cov_V9,Threshold,Correct_Assignment_start,Correct_Assignment_end,Platform_2
1,ERR10042760,8,537,7,534,0,1540,V1,V3,V1,V4,0.93,0.17,V4 below threshold of 0.5,0.93,1,1,0.17,0,0,0,0,0,0.5,FALSE,TRUE,Illumina
2,ERR10042761,8,535,7,534,0,1540,V1,V3,V1,V4,0.93,0.17,V4 below threshold of 0.5,0.93,1,1,0.17,0,0,0,0,0,0.5,FALSE,TRUE,Illumina
3,ERR10042762,7,537,7,534,0,1540,V1,V3,V1,V4,0.93,0.17,V4 below threshold of 0.5,0.93,1,1,0.17,0,0,0,0,0,0.5,FALSE,TRUE,Illumina
4,ERR10042763,7,531,7,534,0,1540,V1,V3,V1,V4,0.93,0.17,V4 below threshold of 0.5,0.93,1,1,0.17,0,0,0,0,0,0.5,FALSE,TRUE,Illumina
5,ERR10042764,9,532,7,534,0,1540,V1,V3,V1,V4,0.93,0.17,V4 below threshold of 0.5,0.93,1,1,0.17,0,0,0,0,0,0.5,FALSE,TRUE,Illumina
6,ERR10042765,9,540,7,534,0,1540,V1,V3,V1,V4,0.93,0.17,V4 below threshold of 0.5,0.93,1,1,0.17,0,0,0,0,0,0.5,FALSE,TRUE,Illumina
7,ERR10042766,8,533,7,534,0,1540,V1,V3,V1,V4,0.93,0.17,V4 below threshold of 0.5,0.93,1,1,0.17,0,0,0,0,0,0.5,FALSE,TRUE,Illumina
8,ERR10042767,7,533,7,534,0,1540,V1,V3,V1,V4,0.93,0.17,V4 below threshold of 0.5,0.93,1,1,0.17,0,0,0,0,0,0.5,FALSE,TRUE,Illumina
9,ERR10042768,7,535,7,534,0,1540,V1,V3,V1,V4,0.93,0.17,V4 below threshold of 0.5,0.93,1,1,0.17,0,0,0,0,0,0.5,FALSE,TRUE,Illumina
10,ERR10042769,7,535,7,534,0,1540,V1,V3,V1,V4,0.93,0.17,V4 below threshold of 0.5,0.93,1,1,0.17,0,0,0,0,0,0.5,FALSE,TRUE,Illumina
11,ERR10042770,340,804,339,803,0,1540,V3,V4,V3,V4,0.78,0.98,NA,0,0,0.78,0.98,0,0,0,0,0,0.5,FALSE,TRUE,Illumina
12,ERR10042771,340,804,339,803,0,1540,V3,V4,V3,V4,0.78,0.98,NA,0,0,0.78,0.98,0,0,0,0,0,0.5,FALSE,TRUE,Illumina
13,ERR10042772,339,802,339,803,0,1540,V3,V4,V3,V4,0.78,0.98,NA,0,0,0.78,0.98,0,0,0,0,0,0.5,FALSE,TRUE,Illumina
14,ERR10042773,341,804,339,803,0,1540,V3,V4,V3,V4,0.78,0.98,NA,0,0,0.78,0.98,0,0,0,0,0,0.5,FALSE,TRUE,Illumina
15,ERR10042774,341,805,339,803,0,1540,V3,V4,V3,V4,0.78,0.98,NA,0,0,0.78,0.98,0,0,0,0,0,0.5,FALSE,TRUE,Illumina
16,ERR10042775,342,805,339,803,0,1540,V3,V4,V3,V4,0.78,0.98,NA,0,0,0.78,0.98,0,0,0,0,0,0.5,FALSE,TRUE,Illumina
17,ERR10042776,341,804,339,803,0,1540,V3,V4,V3,V4,0.78,0.98,NA,0,0,0.78,0.98,0,0,0,0,0,0.5,FALSE,TRUE,Illumina
18,ERR10042777,344,804,339,803,0,1540,V3,V4,V3,V4,0.78,0.98,NA,0,0,0.78,0.98,0,0,0,0,0,0.5,FALSE,TRUE,Illumina
19,ERR10042778,341,804,339,803,0,1540,V3,V4,V3,V4,0.78,0.98,NA,0,0,0.78,0.98,0,0,0,0,0,0.5,FALSE,TRUE,Illumina
20,ERR10042779,342,804,339,803,0,1540,V3,V4,V3,V4,0.78,0.98,NA,0,0,0.78,0.98,0,0,0,0,0,0.5,FALSE,TRUE,Illumina
21,ERR10042780,512,806,513,804,0,1540,V4,V4,V4,V4,0.88,0.88,NA,0,0,0,0.88,0,0,0,0,0,0.5,TRUE,TRUE,Illumina
22,ERR10042781,510,806,513,804,0,1540,V4,V4,V4,V4,0.88,0.88,NA,0,0,0,0.88,0,0,0,0,0,0.5,TRUE,TRUE,Illumina
23,ERR10042782,511,804,513,804,0,1540,V4,V4,V4,V4,0.88,0.88,NA,0,0,0,0.88,0,0,0,0,0,0.5,TRUE,TRUE,Illumina
24,ERR10042783,512,806,513,804,0,1540,V4,V4,V4,V4,0.88,0.88,NA,0,0,0,0.88,0,0,0,0,0,0.5,TRUE,TRUE,Illumina
25,ERR10042784,512,805,513,804,0,1540,V4,V4,V4,V4,0.88,0.88,NA,0,0,0,0.88,0,0,0,0,0,0.5,TRUE,TRUE,Illumina
26,ERR10042785,512,805,513,804,0,1540,V4,V4,V4,V4,0.88,0.88,NA,0,0,0,0.88,0,0,0,0,0,0.5,TRUE,TRUE,Illumina
27,ERR10042786,511,807,513,804,0,1540,V4,V4,V4,V4,0.88,0.88,NA,0,0,0,0.88,0,0,0,0,0,0.5,TRUE,TRUE,Illumina
28,ERR10042787,512,808,513,804,0,1540,V4,V4,V4,V4,0.88,0.88,NA,0,0,0,0.88,0,0,0,0,0,0.5,TRUE,TRUE,Illumina
29,ERR10042788,512,806,513,804,0,1540,V4,V4,V4,V4,0.88,0.88,NA,0,0,0,0.88,0,0,0,0,0,0.5,TRUE,TRUE,Illumina
30,ERR10042789,513,808,513,804,0,1540,V4,V4,V4,V4,0.88,0.88,NA,0,0,0,0.88,0,0,0,0,0,0.5,TRUE,TRUE,Illumina
31,ERR10042790,510,923,513,924,0,1540,V4,V5,V4,V6,0.9,0.22,V6 below threshold of 0.5,0,0,0,0.9,1,0.22,0,0,0,0.5,TRUE,FALSE,Illumina
32,ERR10042791,509,926,513,924,0,1540,V4,V5,V4,V6,0.9,0.22,V6 below threshold of 0.5,0,0,0,0.9,1,0.22,0,0,0,0.5,TRUE,FALSE,Illumina
33,ERR10042792,502,927,513,924,0,1540,V4,V5,V4,V6,0.9,0.22,V6 below threshold of 0.5,0,0,0,0.9,1,0.22,0,0,0,0.5,TRUE,FALSE,Illumina
34,ERR10042793,509,926,513,924,0,1540,V4,V5,V4,V6,0.9,0.22,V6 below threshold of 0.5,0,0,0,0.9,1,0.22,0,0,0,0.5,TRUE,FALSE,Illumina
35,ERR10042794,505,928,513,924,0,1540,V4,V5,V4,V6,0.9,0.22,V6 below threshold of 0.5,0,0,0,0.9,1,0.22,0,0,0,0.5,TRUE,FALSE,Illumina
36,ERR10042795,510,925,513,924,0,1540,V4,V5,V4,V6,0.9,0.22,V6 below threshold of 0.5,0,0,0,0.9,1,0.22,0,0,0,0.5,TRUE,FALSE,Illumina
37,ERR10042796,504,933,513,924,0,1540,V4,V5,V4,V6,0.9,0.22,V6 below threshold of 0.5,0,0,0,0.9,1,0.22,0,0,0,0.5,TRUE,FALSE,Illumina
38,ERR10042797,507,926,513,924,0,1540,V4,V5,V4,V6,0.9,0.22,V6 below threshold of 0.5,0,0,0,0.9,1,0.22,0,0,0,0.5,TRUE,FALSE,Illumina
39,ERR10042798,509,925,513,924,0,1540,V4,V5,V4,V6,0.9,0.22,V6 below threshold of 0.5,0,0,0,0.9,1,0.22,0,0,0,0.5,TRUE,FALSE,Illumina
40,ERR10042799,508,930,513,924,0,1540,V4,V5,V4,V6,0.9,0.22,V6 below threshold of 0.5,0,0,0,0.9,1,0.22,0,0,0,0.5,TRUE,FALSE,Illumina
41,ERR10042800,898,1402,905,1404,0,1540,V6,V8,V6,V9,0.89,0.14,V9 below threshold of 0.5,0,0,0,0,0,0.89,1,1,0.14,0.5,FALSE,FALSE,Illumina
42,ERR10042801,901,1401,905,1404,0,1540,V6,V8,V6,V9,0.89,0.14,V9 below threshold of 0.5,0,0,0,0,0,0.89,1,1,0.14,0.5,FALSE,FALSE,Illumina
43,ERR10042802,891,1390,905,1404,0,1540,V6,V8,V6,V9,0.89,0.14,V9 below threshold of 0.5,0,0,0,0,0,0.89,1,1,0.14,0.5,FALSE,FALSE,Illumina
44,ERR10042803,897,1393,905,1404,0,1540,V6,V8,V6,V9,0.89,0.14,V9 below threshold of 0.5,0,0,0,0,0,0.89,1,1,0.14,0.5,FALSE,FALSE,Illumina
45,ERR10042804,896,1393,905,1404,0,1540,V6,V8,V6,V9,0.89,0.14,V9 below threshold of 0.5,0,0,0,0,0,0.89,1,1,0.14,0.5,FALSE,FALSE,Illumina
46,ERR10042805,897,1394,905,1404,0,1540,V6,V8,V6,V9,0.89,0.14,V9 below threshold of 0.5,0,0,0,0,0,0.89,1,1,0.14,0.5,FALSE,FALSE,Illumina
47,ERR10042806,897,1396,905,1404,0,1540,V6,V8,V6,V9,0.89,0.14,V9 below threshold of 0.5,0,0,0,0,0,0.89,1,1,0.14,0.5,FALSE,FALSE,Illumina
48,ERR10042807,899,1396,905,1404,0,1540,V6,V8,V6,V9,0.89,0.14,V9 below threshold of 0.5,0,0,0,0,0,0.89,1,1,0.14,0.5,FALSE,FALSE,Illumina
49,ERR10042808,901,1399,905,1404,0,1540,V6,V8,V6,V9,0.89,0.14,V9 below threshold of 0.5,0,0,0,0,0,0.89,1,1,0.14,0.5,FALSE,FALSE,Illumina
50,ERR10042809,898,1399,905,1404,0,1540,V6,V8,V6,V9,0.89,0.14,V9 below threshold of 0.5,0,0,0,0,0,0.89,1,1,0.14,0.5,FALSE,FALSE,Illumina
51,ERR10042760,8,537,7,534,0,1540,V1,V3,V1,V4,0.93,0.17,V4 below threshold of 0.6,0.93,1,1,0.17,0,0,0,0,0,0.6,FALSE,TRUE,Illumina
52,ERR10042761,8,535,7,534,0,1540,V1,V3,V1,V4,0.93,0.17,V4 below threshold of 0.6,0.93,1,1,0.17,0,0,0,0,0,0.6,FALSE,TRUE,Illumina
53,ERR10042762,7,537,7,534,0,1540,V1,V3,V1,V4,0.93,0.17,V4 below threshold of 0.6,0.93,1,1,0.17,0,0,0,0,0,0.6,FALSE,TRUE,Illumina
54,ERR10042763,7,531,7,534,0,1540,V1,V3,V1,V4,0.93,0.17,V4 below threshold of 0.6,0.93,1,1,0.17,0,0,0,0,0,0.6,FALSE,TRUE,Illumina
55,ERR10042764,9,532,7,534,0,1540,V1,V3,V1,V4,0.93,0.17,V4 below threshold of 0.6,0.93,1,1,0.17,0,0,0,0,0,0.6,FALSE,TRUE,Illumina
56,ERR10042765,9,540,7,534,0,1540,V1,V3,V1,V4,0.93,0.17,V4 below threshold of 0.6,0.93,1,1,0.17,0,0,0,0,0,0.6,FALSE,TRUE,Illumina
57,ERR10042766,8,533,7,534,0,1540,V1,V3,V1,V4,0.93,0.17,V4 below threshold of 0.6,0.93,1,1,0.17,0,0,0,0,0,0.6,FALSE,TRUE,Illumina
58,ERR10042767,7,533,7,534,0,1540,V1,V3,V1,V4,0.93,0.17,V4 below threshold of 0.6,0.93,1,1,0.17,0,0,0,0,0,0.6,FALSE,TRUE,Illumina
59,ERR10042768,7,535,7,534,0,1540,V1,V3,V1,V4,0.93,0.17,V4 below threshold of 0.6,0.93,1,1,0.17,0,0,0,0,0,0.6,FALSE,TRUE,Illumina
60,ERR10042769,7,535,7,534,0,1540,V1,V3,V1,V4,0.93,0.17,V4 below threshold of 0.6,0.93,1,1,0.17,0,0,0,0,0,0.6,FALSE,TRUE,Illumina
61,ERR10042770,340,804,339,803,0,1540,V3,V4,V3,V4,0.78,0.98,NA,0,0,0.78,0.98,0,0,0,0,0,0.6,FALSE,TRUE,Illumina
62,ERR10042771,340,804,339,803,0,1540,V3,V4,V3,V4,0.78,0.98,NA,0,0,0.78,0.98,0,0,0,0,0,0.6,FALSE,TRUE,Illumina
63,ERR10042772,339,802,339,803,0,1540,V3,V4,V3,V4,0.78,0.98,NA,0,0,0.78,0.98,0,0,0,0,0,0.6,FALSE,TRUE,Illumina
64,ERR10042773,341,804,339,803,0,1540,V3,V4,V3,V4,0.78,0.98,NA,0,0,0.78,0.98,0,0,0,0,0,0.6,FALSE,TRUE,Illumina
65,ERR10042774,341,805,339,803,0,1540,V3,V4,V3,V4,0.78,0.98,NA,0,0,0.78,0.98,0,0,0,0,0,0.6,FALSE,TRUE,Illumina
66,ERR10042775,342,805,339,803,0,1540,V3,V4,V3,V4,0.78,0.98,NA,0,0,0.78,0.98,0,0,0,0,0,0.6,FALSE,TRUE,Illumina
67,ERR10042776,341,804,339,803,0,1540,V3,V4,V3,V4,0.78,0.98,NA,0,0,0.78,0.98,0,0,0,0,0,0.6,FALSE,TRUE,Illumina
68,ERR10042777,344,804,339,803,0,1540,V3,V4,V3,V4,0.78,0.98,NA,0,0,0.78,0.98,0,0,0,0,0,0.6,FALSE,TRUE,Illumina
69,ERR10042778,341,804,339,803,0,1540,V3,V4,V3,V4,0.78,0.98,NA,0,0,0.78,0.98,0,0,0,0,0,0.6,FALSE,TRUE,Illumina
70,ERR10042779,342,804,339,803,0,1540,V3,V4,V3,V4,0.78,0.98,NA,0,0,0.78,0.98,0,0,0,0,0,0.6,FALSE,TRUE,Illumina
71,ERR10042780,512,806,513,804,0,1540,V4,V4,V4,V4,0.88,0.88,NA,0,0,0,0.88,0,0,0,0,0,0.6,TRUE,TRUE,Illumina
72,ERR10042781,510,806,513,804,0,1540,V4,V4,V4,V4,0.88,0.88,NA,0,0,0,0.88,0,0,0,0,0,0.6,TRUE,TRUE,Illumina
73,ERR10042782,511,804,513,804,0,1540,V4,V4,V4,V4,0.88,0.88,NA,0,0,0,0.88,0,0,0,0,0,0.6,TRUE,TRUE,Illumina
74,ERR10042783,512,806,513,804,0,1540,V4,V4,V4,V4,0.88,0.88,NA,0,0,0,0.88,0,0,0,0,0,0.6,TRUE,TRUE,Illumina
75,ERR10042784,512,805,513,804,0,1540,V4,V4,V4,V4,0.88,0.88,NA,0,0,0,0.88,0,0,0,0,0,0.6,TRUE,TRUE,Illumina
76,ERR10042785,512,805,513,804,0,1540,V4,V4,V4,V4,0.88,0.88,NA,0,0,0,0.88,0,0,0,0,0,0.6,TRUE,TRUE,Illumina
77,ERR10042786,511,807,513,804,0,1540,V4,V4,V4,V4,0.88,0.88,NA,0,0,0,0.88,0,0,0,0,0,0.6,TRUE,TRUE,Illumina
78,ERR10042787,512,808,513,804,0,1540,V4,V4,V4,V4,0.88,0.88,NA,0,0,0,0.88,0,0,0,0,0,0.6,TRUE,TRUE,Illumina
79,ERR10042788,512,806,513,804,0,1540,V4,V4,V4,V4,0.88,0.88,NA,0,0,0,0.88,0,0,0,0,0,0.6,TRUE,TRUE,Illumina
80,ERR10042789,513,808,513,804,0,1540,V4,V4,V4,V4,0.88,0.88,NA,0,0,0,0.88,0,0,0,0,0,0.6,TRUE,TRUE,Illumina
81,ERR10042790,510,923,513,924,0,1540,V4,V5,V4,V6,0.9,0.22,V6 below threshold of 0.6,0,0,0,0.9,1,0.22,0,0,0,0.6,TRUE,FALSE,Illumina
82,ERR10042791,509,926,513,924,0,1540,V4,V5,V4,V6,0.9,0.22,V6 below threshold of 0.6,0,0,0,0.9,1,0.22,0,0,0,0.6,TRUE,FALSE,Illumina
83,ERR10042792,502,927,513,924,0,1540,V4,V5,V4,V6,0.9,0.22,V6 below threshold of 0.6,0,0,0,0.9,1,0.22,0,0,0,0.6,TRUE,FALSE,Illumina
84,ERR10042793,509,926,513,924,0,1540,V4,V5,V4,V6,0.9,0.22,V6 below threshold of 0.6,0,0,0,0.9,1,0.22,0,0,0,0.6,TRUE,FALSE,Illumina
85,ERR10042794,505,928,513,924,0,1540,V4,V5,V4,V6,0.9,0.22,V6 below threshold of 0.6,0,0,0,0.9,1,0.22,0,0,0,0.6,TRUE,FALSE,Illumina
86,ERR10042795,510,925,513,924,0,1540,V4,V5,V4,V6,0.9,0.22,V6 below threshold of 0.6,0,0,0,0.9,1,0.22,0,0,0,0.6,TRUE,FALSE,Illumina
87,ERR10042796,504,933,513,924,0,1540,V4,V5,V4,V6,0.9,0.22,V6 below threshold of 0.6,0,0,0,0.9,1,0.22,0,0,0,0.6,TRUE,FALSE,Illumina
88,ERR10042797,507,926,513,924,0,1540,V4,V5,V4,V6,0.9,0.22,V6 below threshold of 0.6,0,0,0,0.9,1,0.22,0,0,0,0.6,TRUE,FALSE,Illumina
89,ERR10042798,509,925,513,924,0,1540,V4,V5,V4,V6,0.9,0.22,V6 below threshold of 0.6,0,0,0,0.9,1,0.22,0,0,0,0.6,TRUE,FALSE,Illumina
90,ERR10042799,508,930,513,924,0,1540,V4,V5,V4,V6,0.9,0.22,V6 below threshold of 0.6,0,0,0,0.9,1,0.22,0,0,0,0.6,TRUE,FALSE,Illumina
91,ERR10042800,898,1402,905,1404,0,1540,V6,V8,V6,V9,0.89,0.14,V9 below threshold of 0.6,0,0,0,0,0,0.89,1,1,0.14,0.6,FALSE,FALSE,Illumina
92,ERR10042801,901,1401,905,1404,0,1540,V6,V8,V6,V9,0.89,0.14,V9 below threshold of 0.6,0,0,0,0,0,0.89,1,1,0.14,0.6,FALSE,FALSE,Illumina
93,ERR10042802,891,1390,905,1404,0,1540,V6,V8,V6,V9,0.89,0.14,V9 below threshold of 0.6,0,0,0,0,0,0.89,1,1,0.14,0.6,FALSE,FALSE,Illumina
94,ERR10042803,897,1393,905,1404,0,1540,V6,V8,V6,V9,0.89,0.14,V9 below threshold of 0.6,0,0,0,0,0,0.89,1,1,0.14,0.6,FALSE,FALSE,Illumina
95,ERR10042804,896,1393,905,1404,0,1540,V6,V8,V6,V9,0.89,0.14,V9 below threshold of 0.6,0,0,0,0,0,0.89,1,1,0.14,0.6,FALSE,FALSE,Illumina
96,ERR10042805,897,1394,905,1404,0,1540,V6,V8,V6,V9,0.89,0.14,V9 below threshold of 0.6,0,0,0,0,0,0.89,1,1,0.14,0.6,FALSE,FALSE,Illumina
97,ERR10042806,897,1396,905,1404,0,1540,V6,V8,V6,V9,0.89,0.14,V9 below threshold of 0.6,0,0,0,0,0,0.89,1,1,0.14,0.6,FALSE,FALSE,Illumina
98,ERR10042807,899,1396,905,1404,0,1540,V6,V8,V6,V9,0.89,0.14,V9 below threshold of 0.6,0,0,0,0,0,0.89,1,1,0.14,0.6,FALSE,FALSE,Illumina
99,ERR10042808,901,1399,905,1404,0,1540,V6,V8,V6,V9,0.89,0.14,V9 below threshold of 0.6,0,0,0,0,0,0.89,1,1,0.14,0.6,FALSE,FALSE,Illumina
100,ERR10042809,898,1399,905,1404,0,1540,V6,V8,V6,V9,0.89,0.14,V9 below threshold of 0.6,0,0,0,0,0,0.89,1,1,0.14,0.6,FALSE,FALSE,Illumina
101,ERR10042760,8,537,7,534,0,1540,V1,V3,V1,V4,0.93,0.17,V4 below threshold of 0.7,0.93,1,1,0.17,0,0,0,0,0,0.7,FALSE,TRUE,Illumina
102,ERR10042761,8,535,7,534,0,1540,V1,V3,V1,V4,0.93,0.17,V4 below threshold of 0.7,0.93,1,1,0.17,0,0,0,0,0,0.7,FALSE,TRUE,Illumina
103,ERR10042762,7,537,7,534,0,1540,V1,V3,V1,V4,0.93,0.17,V4 below threshold of 0.7,0.93,1,1,0.17,0,0,0,0,0,0.7,FALSE,TRUE,Illumina
104,ERR10042763,7,531,7,534,0,1540,V1,V3,V1,V4,0.93,0.17,V4 below threshold of 0.7,0.93,1,1,0.17,0,0,0,0,0,0.7,FALSE,TRUE,Illumina
105,ERR10042764,9,532,7,534,0,1540,V1,V3,V1,V4,0.93,0.17,V4 below threshold of 0.7,0.93,1,1,0.17,0,0,0,0,0,0.7,FALSE,TRUE,Illumina
106,ERR10042765,9,540,7,534,0,1540,V1,V3,V1,V4,0.93,0.17,V4 below threshold of 0.7,0.93,1,1,0.17,0,0,0,0,0,0.7,FALSE,TRUE,Illumina
107,ERR10042766,8,533,7,534,0,1540,V1,V3,V1,V4,0.93,0.17,V4 below threshold of 0.7,0.93,1,1,0.17,0,0,0,0,0,0.7,FALSE,TRUE,Illumina
108,ERR10042767,7,533,7,534,0,1540,V1,V3,V1,V4,0.93,0.17,V4 below threshold of 0.7,0.93,1,1,0.17,0,0,0,0,0,0.7,FALSE,TRUE,Illumina
109,ERR10042768,7,535,7,534,0,1540,V1,V3,V1,V4,0.93,0.17,V4 below threshold of 0.7,0.93,1,1,0.17,0,0,0,0,0,0.7,FALSE,TRUE,Illumina
110,ERR10042769,7,535,7,534,0,1540,V1,V3,V1,V4,0.93,0.17,V4 below threshold of 0.7,0.93,1,1,0.17,0,0,0,0,0,0.7,FALSE,TRUE,Illumina
111,ERR10042770,340,804,339,803,0,1540,V3,V4,V3,V4,0.78,0.98,NA,0,0,0.78,0.98,0,0,0,0,0,0.7,FALSE,TRUE,Illumina
112,ERR10042771,340,804,339,803,0,1540,V3,V4,V3,V4,0.78,0.98,NA,0,0,0.78,0.98,0,0,0,0,0,0.7,FALSE,TRUE,Illumina
113,ERR10042772,339,802,339,803,0,1540,V3,V4,V3,V4,0.78,0.98,NA,0,0,0.78,0.98,0,0,0,0,0,0.7,FALSE,TRUE,Illumina
114,ERR10042773,341,804,339,803,0,1540,V3,V4,V3,V4,0.78,0.98,NA,0,0,0.78,0.98,0,0,0,0,0,0.7,FALSE,TRUE,Illumina
115,ERR10042774,341,805,339,803,0,1540,V3,V4,V3,V4,0.78,0.98,NA,0,0,0.78,0.98,0,0,0,0,0,0.7,FALSE,TRUE,Illumina
116,ERR10042775,342,805,339,803,0,1540,V3,V4,V3,V4,0.78,0.98,NA,0,0,0.78,0.98,0,0,0,0,0,0.7,FALSE,TRUE,Illumina
117,ERR10042776,341,804,339,803,0,1540,V3,V4,V3,V4,0.78,0.98,NA,0,0,0.78,0.98,0,0,0,0,0,0.7,FALSE,TRUE,Illumina
118,ERR10042777,344,804,339,803,0,1540,V3,V4,V3,V4,0.78,0.98,NA,0,0,0.78,0.98,0,0,0,0,0,0.7,FALSE,TRUE,Illumina
119,ERR10042778,341,804,339,803,0,1540,V3,V4,V3,V4,0.78,0.98,NA,0,0,0.78,0.98,0,0,0,0,0,0.7,FALSE,TRUE,Illumina
120,ERR10042779,342,804,339,803,0,1540,V3,V4,V3,V4,0.78,0.98,NA,0,0,0.78,0.98,0,0,0,0,0,0.7,FALSE,TRUE,Illumina
121,ERR10042780,512,806,513,804,0,1540,V4,V4,V4,V4,0.88,0.88,NA,0,0,0,0.88,0,0,0,0,0,0.7,TRUE,TRUE,Illumina
122,ERR10042781,510,806,513,804,0,1540,V4,V4,V4,V4,0.88,0.88,NA,0,0,0,0.88,0,0,0,0,0,0.7,TRUE,TRUE,Illumina
123,ERR10042782,511,804,513,804,0,1540,V4,V4,V4,V4,0.88,0.88,NA,0,0,0,0.88,0,0,0,0,0,0.7,TRUE,TRUE,Illumina
124,ERR10042783,512,806,513,804,0,1540,V4,V4,V4,V4,0.88,0.88,NA,0,0,0,0.88,0,0,0,0,0,0.7,TRUE,TRUE,Illumina
125,ERR10042784,512,805,513,804,0,1540,V4,V4,V4,V4,0.88,0.88,NA,0,0,0,0.88,0,0,0,0,0,0.7,TRUE,TRUE,Illumina
126,ERR10042785,512,805,513,804,0,1540,V4,V4,V4,V4,0.88,0.88,NA,0,0,0,0.88,0,0,0,0,0,0.7,TRUE,TRUE,Illumina
127,ERR10042786,511,807,513,804,0,1540,V4,V4,V4,V4,0.88,0.88,NA,0,0,0,0.88,0,0,0,0,0,0.7,TRUE,TRUE,Illumina
128,ERR10042787,512,808,513,804,0,1540,V4,V4,V4,V4,0.88,0.88,NA,0,0,0,0.88,0,0,0,0,0,0.7,TRUE,TRUE,Illumina
129,ERR10042788,512,806,513,804,0,1540,V4,V4,V4,V4,0.88,0.88,NA,0,0,0,0.88,0,0,0,0,0,0.7,TRUE,TRUE,Illumina
130,ERR10042789,513,808,513,804,0,1540,V4,V4,V4,V4,0.88,0.88,NA,0,0,0,0.88,0,0,0,0,0,0.7,TRUE,TRUE,Illumina
131,ERR10042790,510,923,513,924,0,1540,V4,V5,V4,V6,0.9,0.22,V6 below threshold of 0.7,0,0,0,0.9,1,0.22,0,0,0,0.7,TRUE,FALSE,Illumina
132,ERR10042791,509,926,513,924,0,1540,V4,V5,V4,V6,0.9,0.22,V6 below threshold of 0.7,0,0,0,0.9,1,0.22,0,0,0,0.7,TRUE,FALSE,Illumina
133,ERR10042792,502,927,513,924,0,1540,V4,V5,V4,V6,0.9,0.22,V6 below threshold of 0.7,0,0,0,0.9,1,0.22,0,0,0,0.7,TRUE,FALSE,Illumina
134,ERR10042793,509,926,513,924,0,1540,V4,V5,V4,V6,0.9,0.22,V6 below threshold of 0.7,0,0,0,0.9,1,0.22,0,0,0,0.7,TRUE,FALSE,Illumina
135,ERR10042794,505,928,513,924,0,1540,V4,V5,V4,V6,0.9,0.22,V6 below threshold of 0.7,0,0,0,0.9,1,0.22,0,0,0,0.7,TRUE,FALSE,Illumina
136,ERR10042795,510,925,513,924,0,1540,V4,V5,V4,V6,0.9,0.22,V6 below threshold of 0.7,0,0,0,0.9,1,0.22,0,0,0,0.7,TRUE,FALSE,Illumina
137,ERR10042796,504,933,513,924,0,1540,V4,V5,V4,V6,0.9,0.22,V6 below threshold of 0.7,0,0,0,0.9,1,0.22,0,0,0,0.7,TRUE,FALSE,Illumina
138,ERR10042797,507,926,513,924,0,1540,V4,V5,V4,V6,0.9,0.22,V6 below threshold of 0.7,0,0,0,0.9,1,0.22,0,0,0,0.7,TRUE,FALSE,Illumina
139,ERR10042798,509,925,513,924,0,1540,V4,V5,V4,V6,0.9,0.22,V6 below threshold of 0.7,0,0,0,0.9,1,0.22,0,0,0,0.7,TRUE,FALSE,Illumina
140,ERR10042799,508,930,513,924,0,1540,V4,V5,V4,V6,0.9,0.22,V6 below threshold of 0.7,0,0,0,0.9,1,0.22,0,0,0,0.7,TRUE,FALSE,Illumina
141,ERR10042800,898,1402,905,1404,0,1540,V6,V8,V6,V9,0.89,0.14,V9 below threshold of 0.7,0,0,0,0,0,0.89,1,1,0.14,0.7,FALSE,FALSE,Illumina
142,ERR10042801,901,1401,905,1404,0,1540,V6,V8,V6,V9,0.89,0.14,V9 below threshold of 0.7,0,0,0,0,0,0.89,1,1,0.14,0.7,FALSE,FALSE,Illumina
143,ERR10042802,891,1390,905,1404,0,1540,V6,V8,V6,V9,0.89,0.14,V9 below threshold of 0.7,0,0,0,0,0,0.89,1,1,0.14,0.7,FALSE,FALSE,Illumina
144,ERR10042803,897,1393,905,1404,0,1540,V6,V8,V6,V9,0.89,0.14,V9 below threshold of 0.7,0,0,0,0,0,0.89,1,1,0.14,0.7,FALSE,FALSE,Illumina
145,ERR10042804,896,1393,905,1404,0,1540,V6,V8,V6,V9,0.89,0.14,V9 below threshold of 0.7,0,0,0,0,0,0.89,1,1,0.14,0.7,FALSE,FALSE,Illumina
146,ERR10042805,897,1394,905,1404,0,1540,V6,V8,V6,V9,0.89,0.14,V9 below threshold of 0.7,0,0,0,0,0,0.89,1,1,0.14,0.7,FALSE,FALSE,Illumina
147,ERR10042806,897,1396,905,1404,0,1540,V6,V8,V6,V9,0.89,0.14,V9 below threshold of 0.7,0,0,0,0,0,0.89,1,1,0.14,0.7,FALSE,FALSE,Illumina
148,ERR10042807,899,1396,905,1404,0,1540,V6,V8,V6,V9,0.89,0.14,V9 below threshold of 0.7,0,0,0,0,0,0.89,1,1,0.14,0.7,FALSE,FALSE,Illumina
149,ERR10042808,901,1399,905,1404,0,1540,V6,V8,V6,V9,0.89,0.14,V9 below threshold of 0.7,0,0,0,0,0,0.89,1,1,0.14,0.7,FALSE,FALSE,Illumina
150,ERR10042809,898,1399,905,1404,0,1540,V6,V8,V6,V9,0.89,0.14,V9 below threshold of 0.7,0,0,0,0,0,0.89,1,1,0.14,0.7,FALSE,FALSE,Illumina
1,SRR10246579,512,805,513,804,0,1540,V4,V4,V4,V4,0.88,0.88,NA,0,0,0,0.88,0,0,0,0,0,0.5,TRUE,TRUE,Illumina
2,SRR10246580,512,805,513,804,0,1540,V4,V4,V4,V4,0.88,0.88,NA,0,0,0,0.88,0,0,0,0,0,0.5,TRUE,TRUE,Illumina
3,SRR10246582,512,805,513,804,0,1540,V4,V4,V4,V4,0.88,0.88,NA,0,0,0,0.88,0,0,0,0,0,0.5,TRUE,TRUE,Illumina
4,SRR10246583,777,1193,779,1192,0,1540,V5,V7,V4,V8,0.1,0.06,V4 and V8 below threshold of 0.5,0,0,0,0.1,1,1,1,0.06,0,0.5,TRUE,FALSE,Illumina
5,SRR10246584,778,1193,779,1192,0,1540,V5,V7,V4,V8,0.1,0.06,V4 and V8 below threshold of 0.5,0,0,0,0.1,1,1,1,0.06,0,0.5,TRUE,FALSE,Illumina
6,SRR10246585,777,1191,779,1192,0,1540,V5,V7,V4,V8,0.1,0.06,V4 and V8 below threshold of 0.5,0,0,0,0.1,1,1,1,0.06,0,0.5,TRUE,FALSE,Illumina
7,SRR10246586,778,1191,779,1192,0,1540,V5,V7,V4,V8,0.1,0.06,V4 and V8 below threshold of 0.5,0,0,0,0.1,1,1,1,0.06,0,0.5,TRUE,FALSE,Illumina
8,SRR10246587,778,1193,779,1192,0,1540,V5,V7,V4,V8,0.1,0.06,V4 and V8 below threshold of 0.5,0,0,0,0.1,1,1,1,0.06,0,0.5,TRUE,FALSE,Illumina
9,SRR10246588,778,1192,779,1192,0,1540,V5,V7,V4,V8,0.1,0.06,V4 and V8 below threshold of 0.5,0,0,0,0.1,1,1,1,0.06,0,0.5,TRUE,FALSE,Illumina
10,SRR10246589,784,1072,785,1071,0,1540,V5,V6,V4,V7,0.08,0.05,V4 and V7 below threshold of 0.5,0,0,0,0.08,1,1,0.05,0,0,0.5,TRUE,FALSE,Illumina
11,SRR10246590,778,1193,779,1192,0,1540,V5,V7,V4,V8,0.1,0.06,V4 and V8 below threshold of 0.5,0,0,0,0.1,1,1,1,0.06,0,0.5,TRUE,FALSE,Illumina
12,SRR10246591,778,1193,779,1192,0,1540,V5,V7,V4,V8,0.1,0.06,V4 and V8 below threshold of 0.5,0,0,0,0.1,1,1,1,0.06,0,0.5,TRUE,FALSE,Illumina
13,SRR10246592,778,1193,779,1192,0,1540,V5,V7,V4,V8,0.1,0.06,V4 and V8 below threshold of 0.5,0,0,0,0.1,1,1,1,0.06,0,0.5,TRUE,FALSE,Illumina
14,SRR10246593,778,1193,779,1192,0,1540,V5,V7,V4,V8,0.1,0.06,V4 and V8 below threshold of 0.5,0,0,0,0.1,1,1,1,0.06,0,0.5,TRUE,FALSE,Illumina
15,SRR10246594,779,1193,779,1192,0,1540,V5,V7,V4,V8,0.1,0.06,V4 and V8 below threshold of 0.5,0,0,0,0.1,1,1,1,0.06,0,0.5,TRUE,FALSE,Illumina
16,SRR10246595,778,1192,779,1192,0,1540,V5,V7,V4,V8,0.1,0.06,V4 and V8 below threshold of 0.5,0,0,0,0.1,1,1,1,0.06,0,0.5,TRUE,FALSE,Illumina
17,SRR10246596,776,1191,779,1192,0,1540,V5,V7,V4,V8,0.1,0.06,V4 and V8 below threshold of 0.5,0,0,0,0.1,1,1,1,0.06,0,0.5,TRUE,FALSE,Illumina
18,SRR10246597,776,1189,779,1192,0,1540,V5,V7,V4,V8,0.1,0.06,V4 and V8 below threshold of 0.5,0,0,0,0.1,1,1,1,0.06,0,0.5,TRUE,FALSE,Illumina
19,SRR10246598,778,1192,779,1192,0,1540,V5,V7,V4,V8,0.1,0.06,V4 and V8 below threshold of 0.5,0,0,0,0.1,1,1,1,0.06,0,0.5,TRUE,FALSE,Illumina
20,SRR10246599,778,1192,779,1192,0,1540,V5,V7,V4,V8,0.1,0.06,V4 and V8 below threshold of 0.5,0,0,0,0.1,1,1,1,0.06,0,0.5,TRUE,FALSE,Illumina
21,SRR10246600,784,1072,785,1071,0,1540,V5,V6,V4,V7,0.08,0.05,V4 and V7 below threshold of 0.5,0,0,0,0.08,1,1,0.05,0,0,0.5,TRUE,FALSE,Illumina
22,SRR10246601,777,1192,779,1192,0,1540,V5,V7,V4,V8,0.1,0.06,V4 and V8 below threshold of 0.5,0,0,0,0.1,1,1,1,0.06,0,0.5,TRUE,FALSE,Illumina
23,SRR10246602,778,1193,779,1192,0,1540,V5,V7,V4,V8,0.1,0.06,V4 and V8 below threshold of 0.5,0,0,0,0.1,1,1,1,0.06,0,0.5,TRUE,FALSE,Illumina
24,SRR10246603,777,1191,779,1192,0,1540,V5,V7,V4,V8,0.1,0.06,V4 and V8 below threshold of 0.5,0,0,0,0.1,1,1,1,0.06,0,0.5,TRUE,FALSE,Illumina
25,SRR10246604,778,1192,779,1192,0,1540,V5,V7,V4,V8,0.1,0.06,V4 and V8 below threshold of 0.5,0,0,0,0.1,1,1,1,0.06,0,0.5,TRUE,FALSE,Illumina
26,SRR10246605,778,1192,779,1192,0,1540,V5,V7,V4,V8,0.1,0.06,V4 and V8 below threshold of 0.5,0,0,0,0.1,1,1,1,0.06,0,0.5,TRUE,FALSE,Illumina
27,SRR10246606,779,1192,779,1192,0,1540,V5,V7,V4,V8,0.1,0.06,V4 and V8 below threshold of 0.5,0,0,0,0.1,1,1,1,0.06,0,0.5,TRUE,FALSE,Illumina
28,SRR10246607,778,1193,779,1192,0,1540,V5,V7,V4,V8,0.1,0.06,V4 and V8 below threshold of 0.5,0,0,0,0.1,1,1,1,0.06,0,0.5,TRUE,FALSE,Illumina
29,SRR10246608,777,1193,779,1192,0,1540,V5,V7,V4,V8,0.1,0.06,V4 and V8 below threshold of 0.5,0,0,0,0.1,1,1,1,0.06,0,0.5,TRUE,FALSE,Illumina
30,SRR10246609,777,1191,779,1192,0,1540,V5,V7,V4,V8,0.1,0.06,V4 and V8 below threshold of 0.5,0,0,0,0.1,1,1,1,0.06,0,0.5,TRUE,FALSE,Illumina
31,SRR10246610,777,1193,779,1192,0,1540,V5,V7,V4,V8,0.1,0.06,V4 and V8 below threshold of 0.5,0,0,0,0.1,1,1,1,0.06,0,0.5,TRUE,FALSE,Illumina
32,SRR10246611,784,1072,785,1071,0,1540,V5,V6,V4,V7,0.08,0.05,V4 and V7 below threshold of 0.5,0,0,0,0.08,1,1,0.05,0,0,0.5,TRUE,FALSE,Illumina
33,SRR10246612,778,1193,779,1192,0,1540,V5,V7,V4,V8,0.1,0.06,V4 and V8 below threshold of 0.5,0,0,0,0.1,1,1,1,0.06,0,0.5,TRUE,FALSE,Illumina
34,SRR10246613,778,1193,779,1192,0,1540,V5,V7,V4,V8,0.1,0.06,V4 and V8 below threshold of 0.5,0,0,0,0.1,1,1,1,0.06,0,0.5,TRUE,FALSE,Illumina
35,SRR10246614,778,1192,779,1192,0,1540,V5,V7,V4,V8,0.1,0.06,V4 and V8 below threshold of 0.5,0,0,0,0.1,1,1,1,0.06,0,0.5,TRUE,FALSE,Illumina
36,SRR10246615,778,1192,779,1192,0,1540,V5,V7,V4,V8,0.1,0.06,V4 and V8 below threshold of 0.5,0,0,0,0.1,1,1,1,0.06,0,0.5,TRUE,FALSE,Illumina
37,SRR10246616,778,1192,779,1192,0,1540,V5,V7,V4,V8,0.1,0.06,V4 and V8 below threshold of 0.5,0,0,0,0.1,1,1,1,0.06,0,0.5,TRUE,FALSE,Illumina
38,SRR10246617,778,1193,779,1192,0,1540,V5,V7,V4,V8,0.1,0.06,V4 and V8 below threshold of 0.5,0,0,0,0.1,1,1,1,0.06,0,0.5,TRUE,FALSE,Illumina
39,SRR10246618,778,1192,779,1192,0,1540,V5,V7,V4,V8,0.1,0.06,V4 and V8 below threshold of 0.5,0,0,0,0.1,1,1,1,0.06,0,0.5,TRUE,FALSE,Illumina
40,SRR10246619,778,1192,779,1192,0,1540,V5,V7,V4,V8,0.1,0.06,V4 and V8 below threshold of 0.5,0,0,0,0.1,1,1,1,0.06,0,0.5,TRUE,FALSE,Illumina
41,SRR10246620,778,1192,779,1192,0,1540,V5,V7,V4,V8,0.1,0.06,V4 and V8 below threshold of 0.5,0,0,0,0.1,1,1,1,0.06,0,0.5,TRUE,FALSE,Illumina
42,SRR10246621,778,1192,779,1192,0,1540,V5,V7,V4,V8,0.1,0.06,V4 and V8 below threshold of 0.5,0,0,0,0.1,1,1,1,0.06,0,0.5,TRUE,FALSE,Illumina
43,SRR10246622,784,1072,785,1071,0,1540,V5,V6,V4,V7,0.08,0.05,V4 and V7 below threshold of 0.5,0,0,0,0.08,1,1,0.05,0,0,0.5,TRUE,FALSE,Illumina
44,SRR10246624,777,1191,779,1192,0,1540,V5,V7,V4,V8,0.1,0.06,V4 and V8 below threshold of 0.5,0,0,0,0.1,1,1,1,0.06,0,0.5,TRUE,FALSE,Illumina
45,SRR10246625,777,1192,779,1192,0,1540,V5,V7,V4,V8,0.1,0.06,V4 and V8 below threshold of 0.5,0,0,0,0.1,1,1,1,0.06,0,0.5,TRUE,FALSE,Illumina
46,SRR10246626,777,1192,779,1192,0,1540,V5,V7,V4,V8,0.1,0.06,V4 and V8 below threshold of 0.5,0,0,0,0.1,1,1,1,0.06,0,0.5,TRUE,FALSE,Illumina
47,SRR10246627,778,1193,779,1192,0,1540,V5,V7,V4,V8,0.1,0.06,V4 and V8 below threshold of 0.5,0,0,0,0.1,1,1,1,0.06,0,0.5,TRUE,FALSE,Illumina
48,SRR10246628,778,1193,779,1192,0,1540,V5,V7,V4,V8,0.1,0.06,V4 and V8 below threshold of 0.5,0,0,0,0.1,1,1,1,0.06,0,0.5,TRUE,FALSE,Illumina
49,SRR10246629,777,1193,779,1192,0,1540,V5,V7,V4,V8,0.1,0.06,V4 and V8 below threshold of 0.5,0,0,0,0.1,1,1,1,0.06,0,0.5,TRUE,FALSE,Illumina
50,SRR10246630,777,1193,779,1192,0,1540,V5,V7,V4,V8,0.1,0.06,V4 and V8 below threshold of 0.5,0,0,0,0.1,1,1,1,0.06,0,0.5,TRUE,FALSE,Illumina
51,SRR10246631,778,1191,779,1192,0,1540,V5,V7,V4,V8,0.1,0.06,V4 and V8 below threshold of 0.5,0,0,0,0.1,1,1,1,0.06,0,0.5,TRUE,FALSE,Illumina
52,SRR10246632,777,1193,779,1192,0,1540,V5,V7,V4,V8,0.1,0.06,V4 and V8 below threshold of 0.5,0,0,0,0.1,1,1,1,0.06,0,0.5,TRUE,FALSE,Illumina
53,SRR10246633,784,1072,785,1071,0,1540,V5,V6,V4,V7,0.08,0.05,V4 and V7 below threshold of 0.5,0,0,0,0.08,1,1,0.05,0,0,0.5,TRUE,FALSE,Illumina
54,SRR10246634,777,1193,779,1192,0,1540,V5,V7,V4,V8,0.1,0.06,V4 and V8 below threshold of 0.5,0,0,0,0.1,1,1,1,0.06,0,0.5,TRUE,FALSE,Illumina
55,SRR10246635,777,1193,779,1192,0,1540,V5,V7,V4,V8,0.1,0.06,V4 and V8 below threshold of 0.5,0,0,0,0.1,1,1,1,0.06,0,0.5,TRUE,FALSE,Illumina
56,SRR10246636,784,1072,785,1071,0,1540,V5,V6,V4,V7,0.08,0.05,V4 and V7 below threshold of 0.5,0,0,0,0.08,1,1,0.05,0,0,0.5,TRUE,FALSE,Illumina
57,SRR10246637,784,1072,785,1071,0,1540,V5,V6,V4,V7,0.08,0.05,V4 and V7 below threshold of 0.5,0,0,0,0.08,1,1,0.05,0,0,0.5,TRUE,FALSE,Illumina
58,SRR10246638,784,1072,785,1071,0,1540,V5,V6,V4,V7,0.08,0.05,V4 and V7 below threshold of 0.5,0,0,0,0.08,1,1,0.05,0,0,0.5,TRUE,FALSE,Illumina
59,SRR10246639,783,1071,785,1071,0,1540,V5,V6,V4,V7,0.08,0.05,V4 and V7 below threshold of 0.5,0,0,0,0.08,1,1,0.05,0,0,0.5,TRUE,FALSE,Illumina
60,SRR10246640,784,1072,785,1071,0,1540,V5,V6,V4,V7,0.08,0.05,V4 and V7 below threshold of 0.5,0,0,0,0.08,1,1,0.05,0,0,0.5,TRUE,FALSE,Illumina
61,SRR10246641,784,1072,785,1071,0,1540,V5,V6,V4,V7,0.08,0.05,V4 and V7 below threshold of 0.5,0,0,0,0.08,1,1,0.05,0,0,0.5,TRUE,FALSE,Illumina
62,SRR10246642,784,1072,785,1071,0,1540,V5,V6,V4,V7,0.08,0.05,V4 and V7 below threshold of 0.5,0,0,0,0.08,1,1,0.05,0,0,0.5,TRUE,FALSE,Illumina
63,SRR10246643,783,1071,785,1071,0,1540,V5,V6,V4,V7,0.08,0.05,V4 and V7 below threshold of 0.5,0,0,0,0.08,1,1,0.05,0,0,0.5,TRUE,FALSE,Illumina
64,SRR10246644,784,1072,785,1071,0,1540,V5,V6,V4,V7,0.08,0.05,V4 and V7 below threshold of 0.5,0,0,0,0.08,1,1,0.05,0,0,0.5,TRUE,FALSE,Illumina
65,SRR10246645,784,1072,785,1071,0,1540,V5,V6,V4,V7,0.08,0.05,V4 and V7 below threshold of 0.5,0,0,0,0.08,1,1,0.05,0,0,0.5,TRUE,FALSE,Illumina
66,SRR10246646,784,1072,785,1071,0,1540,V5,V6,V4,V7,0.08,0.05,V4 and V7 below threshold of 0.5,0,0,0,0.08,1,1,0.05,0,0,0.5,TRUE,FALSE,Illumina
67,SRR10246647,784,1071,785,1071,0,1540,V5,V6,V4,V7,0.08,0.05,V4 and V7 below threshold of 0.5,0,0,0,0.08,1,1,0.05,0,0,0.5,TRUE,FALSE,Illumina
68,SRR10246648,784,1072,785,1071,0,1540,V5,V6,V4,V7,0.08,0.05,V4 and V7 below threshold of 0.5,0,0,0,0.08,1,1,0.05,0,0,0.5,TRUE,FALSE,Illumina
69,SRR10246649,784,1072,785,1071,0,1540,V5,V6,V4,V7,0.08,0.05,V4 and V7 below threshold of 0.5,0,0,0,0.08,1,1,0.05,0,0,0.5,TRUE,FALSE,Illumina
70,SRR10246650,784,1072,785,1071,0,1540,V5,V6,V4,V7,0.08,0.05,V4 and V7 below threshold of 0.5,0,0,0,0.08,1,1,0.05,0,0,0.5,TRUE,FALSE,Illumina
71,SRR10246651,784,1072,785,1071,0,1540,V5,V6,V4,V7,0.08,0.05,V4 and V7 below threshold of 0.5,0,0,0,0.08,1,1,0.05,0,0,0.5,TRUE,FALSE,Illumina
72,SRR10246652,784,1072,785,1071,0,1540,V5,V6,V4,V7,0.08,0.05,V4 and V7 below threshold of 0.5,0,0,0,0.08,1,1,0.05,0,0,0.5,TRUE,FALSE,Illumina
73,SRR10246653,784,1072,785,1071,0,1540,V5,V6,V4,V7,0.08,0.05,V4 and V7 below threshold of 0.5,0,0,0,0.08,1,1,0.05,0,0,0.5,TRUE,FALSE,Illumina
74,SRR10246654,784,1072,785,1071,0,1540,V5,V6,V4,V7,0.08,0.05,V4 and V7 below threshold of 0.5,0,0,0,0.08,1,1,0.05,0,0,0.5,TRUE,FALSE,Illumina
75,SRR10246655,783,1072,785,1071,0,1540,V5,V6,V4,V7,0.08,0.05,V4 and V7 below threshold of 0.5,0,0,0,0.08,1,1,0.05,0,0,0.5,TRUE,FALSE,Illumina
76,SRR10246656,784,1072,785,1071,0,1540,V5,V6,V4,V7,0.08,0.05,V4 and V7 below threshold of 0.5,0,0,0,0.08,1,1,0.05,0,0,0.5,TRUE,FALSE,Illumina
77,SRR10246657,784,1072,785,1071,0,1540,V5,V6,V4,V7,0.08,0.05,V4 and V7 below threshold of 0.5,0,0,0,0.08,1,1,0.05,0,0,0.5,TRUE,FALSE,Illumina
78,SRR10246658,784,1072,785,1071,0,1540,V5,V6,V4,V7,0.08,0.05,V4 and V7 below threshold of 0.5,0,0,0,0.08,1,1,0.05,0,0,0.5,TRUE,FALSE,Illumina
79,SRR10246659,784,1072,785,1071,0,1540,V5,V6,V4,V7,0.08,0.05,V4 and V7 below threshold of 0.5,0,0,0,0.08,1,1,0.05,0,0,0.5,TRUE,FALSE,Illumina
80,SRR10246660,784,1072,785,1071,0,1540,V5,V6,V4,V7,0.08,0.05,V4 and V7 below threshold of 0.5,0,0,0,0.08,1,1,0.05,0,0,0.5,TRUE,FALSE,Illumina
81,SRR10246661,784,1072,785,1071,0,1540,V5,V6,V4,V7,0.08,0.05,V4 and V7 below threshold of 0.5,0,0,0,0.08,1,1,0.05,0,0,0.5,TRUE,FALSE,Illumina
82,SRR10246662,784,1072,785,1071,0,1540,V5,V6,V4,V7,0.08,0.05,V4 and V7 below threshold of 0.5,0,0,0,0.08,1,1,0.05,0,0,0.5,TRUE,FALSE,Illumina
83,SRR10246663,784,1072,785,1071,0,1540,V5,V6,V4,V7,0.08,0.05,V4 and V7 below threshold of 0.5,0,0,0,0.08,1,1,0.05,0,0,0.5,TRUE,FALSE,Illumina
84,SRR10246664,784,1072,785,1071,0,1540,V5,V6,V4,V7,0.08,0.05,V4 and V7 below threshold of 0.5,0,0,0,0.08,1,1,0.05,0,0,0.5,TRUE,FALSE,Illumina
85,SRR10246665,784,1072,785,1071,0,1540,V5,V6,V4,V7,0.08,0.05,V4 and V7 below threshold of 0.5,0,0,0,0.08,1,1,0.05,0,0,0.5,TRUE,FALSE,Illumina
86,SRR10246666,784,1072,785,1071,0,1540,V5,V6,V4,V7,0.08,0.05,V4 and V7 below threshold of 0.5,0,0,0,0.08,1,1,0.05,0,0,0.5,TRUE,FALSE,Illumina
87,SRR10246667,340,804,339,803,0,1540,V3,V4,V3,V4,0.78,0.98,NA,0,0,0.78,0.98,0,0,0,0,0,0.5,FALSE,TRUE,Illumina
88,SRR10246668,341,804,339,803,0,1540,V3,V4,V3,V4,0.78,0.98,NA,0,0,0.78,0.98,0,0,0,0,0,0.5,FALSE,TRUE,Illumina
89,SRR10246669,784,1072,785,1071,0,1540,V5,V6,V4,V7,0.08,0.05,V4 and V7 below threshold of 0.5,0,0,0,0.08,1,1,0.05,0,0,0.5,TRUE,FALSE,Illumina
90,SRR10246670,340,804,339,803,0,1540,V3,V4,V3,V4,0.78,0.98,NA,0,0,0.78,0.98,0,0,0,0,0,0.5,FALSE,TRUE,Illumina
91,SRR10246671,339,804,339,803,0,1540,V3,V4,V3,V4,0.78,0.98,NA,0,0,0.78,0.98,0,0,0,0,0,0.5,FALSE,TRUE,Illumina
92,SRR10246672,341,804,339,803,0,1540,V3,V4,V3,V4,0.78,0.98,NA,0,0,0.78,0.98,0,0,0,0,0,0.5,FALSE,TRUE,Illumina
93,SRR10246673,341,804,339,803,0,1540,V3,V4,V3,V4,0.78,0.98,NA,0,0,0.78,0.98,0,0,0,0,0,0.5,FALSE,TRUE,Illumina
94,SRR10246674,340,804,339,803,0,1540,V3,V4,V3,V4,0.78,0.98,NA,0,0,0.78,0.98,0,0,0,0,0,0.5,FALSE,TRUE,Illumina
95,SRR10246675,339,804,339,803,0,1540,V3,V4,V3,V4,0.78,0.98,NA,0,0,0.78,0.98,0,0,0,0,0,0.5,FALSE,TRUE,Illumina
96,SRR10246676,340,804,339,803,0,1540,V3,V4,V3,V4,0.78,0.98,NA,0,0,0.78,0.98,0,0,0,0,0,0.5,FALSE,TRUE,Illumina
97,SRR10246677,339,804,339,803,0,1540,V3,V4,V3,V4,0.78,0.98,NA,0,0,0.78,0.98,0,0,0,0,0,0.5,FALSE,TRUE,Illumina
98,SRR10246678,464,805,513,804,0,1540,V4,V4,V4,V4,0.88,0.88,NA,0,0,0,0.88,0,0,0,0,0,0.5,TRUE,TRUE,Illumina
99,SRR10246679,339,804,339,803,0,1540,V3,V4,V3,V4,0.78,0.98,NA,0,0,0.78,0.98,0,0,0,0,0,0.5,FALSE,TRUE,Illumina
100,SRR10246680,784,1072,785,1071,0,1540,V5,V6,V4,V7,0.08,0.05,V4 and V7 below threshold of 0.5,0,0,0,0.08,1,1,0.05,0,0,0.5,TRUE,FALSE,Illumina
101,SRR10246681,340,804,339,803,0,1540,V3,V4,V3,V4,0.78,0.98,NA,0,0,0.78,0.98,0,0,0,0,0,0.5,FALSE,TRUE,Illumina
102,SRR10246682,340,804,339,803,0,1540,V3,V4,V3,V4,0.78,0.98,NA,0,0,0.78,0.98,0,0,0,0,0,0.5,FALSE,TRUE,Illumina
103,SRR10246683,341,804,339,803,0,1540,V3,V4,V3,V4,0.78,0.98,NA,0,0,0.78,0.98,0,0,0,0,0,0.5,FALSE,TRUE,Illumina
104,SRR10246684,340,804,339,803,0,1540,V3,V4,V3,V4,0.78,0.98,NA,0,0,0.78,0.98,0,0,0,0,0,0.5,FALSE,TRUE,Illumina
105,SRR10246685,342,805,339,803,0,1540,V3,V4,V3,V4,0.78,0.98,NA,0,0,0.78,0.98,0,0,0,0,0,0.5,FALSE,TRUE,Illumina
106,SRR10246686,341,804,339,803,0,1540,V3,V4,V3,V4,0.78,0.98,NA,0,0,0.78,0.98,0,0,0,0,0,0.5,FALSE,TRUE,Illumina
107,SRR10246687,343,804,339,803,0,1540,V3,V4,V3,V4,0.78,0.98,NA,0,0,0.78,0.98,0,0,0,0,0,0.5,FALSE,TRUE,Illumina
108,SRR10246688,338,804,339,803,0,1540,V3,V4,V3,V4,0.78,0.98,NA,0,0,0.78,0.98,0,0,0,0,0,0.5,FALSE,TRUE,Illumina
109,SRR10246689,339,804,339,803,0,1540,V3,V4,V3,V4,0.78,0.98,NA,0,0,0.78,0.98,0,0,0,0,0,0.5,FALSE,TRUE,Illumina
110,SRR10246690,342,804,339,803,0,1540,V3,V4,V3,V4,0.78,0.98,NA,0,0,0.78,0.98,0,0,0,0,0,0.5,FALSE,TRUE,Illumina
111,SRR10246691,784,1072,785,1071,0,1540,V5,V6,V4,V7,0.08,0.05,V4 and V7 below threshold of 0.5,0,0,0,0.08,1,1,0.05,0,0,0.5,TRUE,FALSE,Illumina
112,SRR10246692,340,804,339,803,0,1540,V3,V4,V3,V4,0.78,0.98,NA,0,0,0.78,0.98,0,0,0,0,0,0.5,FALSE,TRUE,Illumina
113,SRR10246693,342,804,339,803,0,1540,V3,V4,V3,V4,0.78,0.98,NA,0,0,0.78,0.98,0,0,0,0,0,0.5,FALSE,TRUE,Illumina
114,SRR10246694,340,804,339,803,0,1540,V3,V4,V3,V4,0.78,0.98,NA,0,0,0.78,0.98,0,0,0,0,0,0.5,FALSE,TRUE,Illumina
115,SRR10246695,346,804,339,803,0,1540,V3,V4,V3,V4,0.78,0.98,NA,0,0,0.78,0.98,0,0,0,0,0,0.5,FALSE,TRUE,Illumina
116,SRR10246696,343,804,339,803,0,1540,V3,V4,V3,V4,0.78,0.98,NA,0,0,0.78,0.98,0,0,0,0,0,0.5,FALSE,TRUE,Illumina
117,SRR10246697,340,804,339,803,0,1540,V3,V4,V3,V4,0.78,0.98,NA,0,0,0.78,0.98,0,0,0,0,0,0.5,FALSE,TRUE,Illumina
118,SRR10246698,340,804,339,803,0,1540,V3,V4,V3,V4,0.78,0.98,NA,0,0,0.78,0.98,0,0,0,0,0,0.5,FALSE,TRUE,Illumina
119,SRR10246699,339,804,339,803,0,1540,V3,V4,V3,V4,0.78,0.98,NA,0,0,0.78,0.98,0,0,0,0,0,0.5,FALSE,TRUE,Illumina
120,SRR10246700,339,804,339,803,0,1540,V3,V4,V3,V4,0.78,0.98,NA,0,0,0.78,0.98,0,0,0,0,0,0.5,FALSE,TRUE,Illumina
121,SRR10246701,339,804,339,803,0,1540,V3,V4,V3,V4,0.78,0.98,NA,0,0,0.78,0.98,0,0,0,0,0,0.5,FALSE,TRUE,Illumina
122,SRR10246702,784,1072,785,1071,0,1540,V5,V6,V4,V7,0.08,0.05,V4 and V7 below threshold of 0.5,0,0,0,0.08,1,1,0.05,0,0,0.5,TRUE,FALSE,Illumina
123,SRR10246703,339,804,339,803,0,1540,V3,V4,V3,V4,0.78,0.98,NA,0,0,0.78,0.98,0,0,0,0,0,0.5,FALSE,TRUE,Illumina
124,SRR10246704,339,804,339,803,0,1540,V3,V4,V3,V4,0.78,0.98,NA,0,0,0.78,0.98,0,0,0,0,0,0.5,FALSE,TRUE,Illumina
125,SRR10246705,341,804,339,803,0,1540,V3,V4,V3,V4,0.78,0.98,NA,0,0,0.78,0.98,0,0,0,0,0,0.5,FALSE,TRUE,Illumina
126,SRR10246706,339,804,339,803,0,1540,V3,V4,V3,V4,0.78,0.98,NA,0,0,0.78,0.98,0,0,0,0,0,0.5,FALSE,TRUE,Illumina
127,SRR10246707,339,804,339,803,0,1540,V3,V4,V3,V4,0.78,0.98,NA,0,0,0.78,0.98,0,0,0,0,0,0.5,FALSE,TRUE,Illumina
128,SRR10246708,339,804,339,803,0,1540,V3,V4,V3,V4,0.78,0.98,NA,0,0,0.78,0.98,0,0,0,0,0,0.5,FALSE,TRUE,Illumina
129,SRR10246709,340,804,339,803,0,1540,V3,V4,V3,V4,0.78,0.98,NA,0,0,0.78,0.98,0,0,0,0,0,0.5,FALSE,TRUE,Illumina
130,SRR10246710,340,804,339,803,0,1540,V3,V4,V3,V4,0.78,0.98,NA,0,0,0.78,0.98,0,0,0,0,0,0.5,FALSE,TRUE,Illumina
131,SRR10246711,339,804,339,803,0,1540,V3,V4,V3,V4,0.78,0.98,NA,0,0,0.78,0.98,0,0,0,0,0,0.5,FALSE,TRUE,Illumina
132,SRR10246712,339,804,339,803,0,1540,V3,V4,V3,V4,0.78,0.98,NA,0,0,0.78,0.98,0,0,0,0,0,0.5,FALSE,TRUE,Illumina
133,SRR10246713,784,1072,785,1071,0,1540,V5,V6,V4,V7,0.08,0.05,V4 and V7 below threshold of 0.5,0,0,0,0.08,1,1,0.05,0,0,0.5,TRUE,FALSE,Illumina
134,SRR10246714,340,804,339,803,0,1540,V3,V4,V3,V4,0.78,0.98,NA,0,0,0.78,0.98,0,0,0,0,0,0.5,FALSE,TRUE,Illumina
135,SRR10246715,339,804,339,803,0,1540,V3,V4,V3,V4,0.78,0.98,NA,0,0,0.78,0.98,0,0,0,0,0,0.5,FALSE,TRUE,Illumina
136,SRR10246716,341,804,339,803,0,1540,V3,V4,V3,V4,0.78,0.98,NA,0,0,0.78,0.98,0,0,0,0,0,0.5,FALSE,TRUE,Illumina
137,SRR10246717,339,804,339,803,0,1540,V3,V4,V3,V4,0.78,0.98,NA,0,0,0.78,0.98,0,0,0,0,0,0.5,FALSE,TRUE,Illumina
138,SRR10246718,341,805,339,803,0,1540,V3,V4,V3,V4,0.78,0.98,NA,0,0,0.78,0.98,0,0,0,0,0,0.5,FALSE,TRUE,Illumina
139,SRR10246719,343,804,339,803,0,1540,V3,V4,V3,V4,0.78,0.98,NA,0,0,0.78,0.98,0,0,0,0,0,0.5,FALSE,TRUE,Illumina
140,SRR10246720,512,805,513,804,0,1540,V4,V4,V4,V4,0.88,0.88,NA,0,0,0,0.88,0,0,0,0,0,0.5,TRUE,TRUE,Illumina
141,SRR10246721,512,805,513,804,0,1540,V4,V4,V4,V4,0.88,0.88,NA,0,0,0,0.88,0,0,0,0,0,0.5,TRUE,TRUE,Illumina
142,SRR10246722,512,805,513,804,0,1540,V4,V4,V4,V4,0.88,0.88,NA,0,0,0,0.88,0,0,0,0,0,0.5,TRUE,TRUE,Illumina
143,SRR10246724,784,1072,785,1071,0,1540,V5,V6,V4,V7,0.08,0.05,V4 and V7 below threshold of 0.5,0,0,0,0.08,1,1,0.05,0,0,0.5,TRUE,FALSE,Illumina
144,SRR10246725,512,805,513,804,0,1540,V4,V4,V4,V4,0.88,0.88,NA,0,0,0,0.88,0,0,0,0,0,0.5,TRUE,TRUE,Illumina
145,SRR10246726,513,806,513,804,0,1540,V4,V4,V4,V4,0.88,0.88,NA,0,0,0,0.88,0,0,0,0,0,0.5,TRUE,TRUE,Illumina
146,SRR10246727,512,805,513,804,0,1540,V4,V4,V4,V4,0.88,0.88,NA,0,0,0,0.88,0,0,0,0,0,0.5,TRUE,TRUE,Illumina
147,SRR10246728,512,805,513,804,0,1540,V4,V4,V4,V4,0.88,0.88,NA,0,0,0,0.88,0,0,0,0,0,0.5,TRUE,TRUE,Illumina
148,SRR10246729,512,805,513,804,0,1540,V4,V4,V4,V4,0.88,0.88,NA,0,0,0,0.88,0,0,0,0,0,0.5,TRUE,TRUE,Illumina
149,SRR10246730,512,805,513,804,0,1540,V4,V4,V4,V4,0.88,0.88,NA,0,0,0,0.88,0,0,0,0,0,0.5,TRUE,TRUE,Illumina
150,SRR10246731,512,805,513,804,0,1540,V4,V4,V4,V4,0.88,0.88,NA,0,0,0,0.88,0,0,0,0,0,0.5,TRUE,TRUE,Illumina
151,SRR10246732,512,805,513,804,0,1540,V4,V4,V4,V4,0.88,0.88,NA,0,0,0,0.88,0,0,0,0,0,0.5,TRUE,TRUE,Illumina
152,SRR10246733,512,805,513,804,0,1540,V4,V4,V4,V4,0.88,0.88,NA,0,0,0,0.88,0,0,0,0,0,0.5,TRUE,TRUE,Illumina
153,SRR10246734,513,805,513,804,0,1540,V4,V4,V4,V4,0.88,0.88,NA,0,0,0,0.88,0,0,0,0,0,0.5,TRUE,TRUE,Illumina
154,SRR10246735,784,1072,785,1071,0,1540,V5,V6,V4,V7,0.08,0.05,V4 and V7 below threshold of 0.5,0,0,0,0.08,1,1,0.05,0,0,0.5,TRUE,FALSE,Illumina
155,SRR10246736,512,805,513,804,0,1540,V4,V4,V4,V4,0.88,0.88,NA,0,0,0,0.88,0,0,0,0,0,0.5,TRUE,TRUE,Illumina
156,SRR10246737,512,805,513,804,0,1540,V4,V4,V4,V4,0.88,0.88,NA,0,0,0,0.88,0,0,0,0,0,0.5,TRUE,TRUE,Illumina
157,SRR10246738,512,805,513,804,0,1540,V4,V4,V4,V4,0.88,0.88,NA,0,0,0,0.88,0,0,0,0,0,0.5,TRUE,TRUE,Illumina
158,SRR10246739,512,805,513,804,0,1540,V4,V4,V4,V4,0.88,0.88,NA,0,0,0,0.88,0,0,0,0,0,0.5,TRUE,TRUE,Illumina
159,SRR10246740,513,806,513,804,0,1540,V4,V4,V4,V4,0.88,0.88,NA,0,0,0,0.88,0,0,0,0,0,0.5,TRUE,TRUE,Illumina
160,SRR10246741,512,805,513,804,0,1540,V4,V4,V4,V4,0.88,0.88,NA,0,0,0,0.88,0,0,0,0,0,0.5,TRUE,TRUE,Illumina
161,SRR10246742,512,805,513,804,0,1540,V4,V4,V4,V4,0.88,0.88,NA,0,0,0,0.88,0,0,0,0,0,0.5,TRUE,TRUE,Illumina
162,SRR10246743,513,806,513,804,0,1540,V4,V4,V4,V4,0.88,0.88,NA,0,0,0,0.88,0,0,0,0,0,0.5,TRUE,TRUE,Illumina
163,SRR10246744,512,805,513,804,0,1540,V4,V4,V4,V4,0.88,0.88,NA,0,0,0,0.88,0,0,0,0,0,0.5,TRUE,TRUE,Illumina
164,SRR10246745,512,805,513,804,0,1540,V4,V4,V4,V4,0.88,0.88,NA,0,0,0,0.88,0,0,0,0,0,0.5,TRUE,TRUE,Illumina
165,SRR10246746,784,1072,785,1071,0,1540,V5,V6,V4,V7,0.08,0.05,V4 and V7 below threshold of 0.5,0,0,0,0.08,1,1,0.05,0,0,0.5,TRUE,FALSE,Illumina
166,SRR10246747,512,805,513,804,0,1540,V4,V4,V4,V4,0.88,0.88,NA,0,0,0,0.88,0,0,0,0,0,0.5,TRUE,TRUE,Illumina
167,SRR10246748,512,805,513,804,0,1540,V4,V4,V4,V4,0.88,0.88,NA,0,0,0,0.88,0,0,0,0,0,0.5,TRUE,TRUE,Illumina
168,SRR10246749,512,805,513,804,0,1540,V4,V4,V4,V4,0.88,0.88,NA,0,0,0,0.88,0,0,0,0,0,0.5,TRUE,TRUE,Illumina
169,SRR10246750,512,805,513,804,0,1540,V4,V4,V4,V4,0.88,0.88,NA,0,0,0,0.88,0,0,0,0,0,0.5,TRUE,TRUE,Illumina
170,SRR10246751,512,805,513,804,0,1540,V4,V4,V4,V4,0.88,0.88,NA,0,0,0,0.88,0,0,0,0,0,0.5,TRUE,TRUE,Illumina
171,SRR10246752,512,805,513,804,0,1540,V4,V4,V4,V4,0.88,0.88,NA,0,0,0,0.88,0,0,0,0,0,0.5,TRUE,TRUE,Illumina
172,SRR10246753,512,805,513,804,0,1540,V4,V4,V4,V4,0.88,0.88,NA,0,0,0,0.88,0,0,0,0,0,0.5,TRUE,TRUE,Illumina
173,SRR10246754,512,805,513,804,0,1540,V4,V4,V4,V4,0.88,0.88,NA,0,0,0,0.88,0,0,0,0,0,0.5,TRUE,TRUE,Illumina
174,SRR10246755,512,805,513,804,0,1540,V4,V4,V4,V4,0.88,0.88,NA,0,0,0,0.88,0,0,0,0,0,0.5,TRUE,TRUE,Illumina
175,SRR10246756,512,805,513,804,0,1540,V4,V4,V4,V4,0.88,0.88,NA,0,0,0,0.88,0,0,0,0,0,0.5,TRUE,TRUE,Illumina
176,SRR10246757,784,1072,785,1071,0,1540,V5,V6,V4,V7,0.08,0.05,V4 and V7 below threshold of 0.5,0,0,0,0.08,1,1,0.05,0,0,0.5,TRUE,FALSE,Illumina
177,SRR10246758,512,805,513,804,0,1540,V4,V4,V4,V4,0.88,0.88,NA,0,0,0,0.88,0,0,0,0,0,0.5,TRUE,TRUE,Illumina
178,SRR10246759,512,805,513,804,0,1540,V4,V4,V4,V4,0.88,0.88,NA,0,0,0,0.88,0,0,0,0,0,0.5,TRUE,TRUE,Illumina
179,SRR10246760,512,805,513,804,0,1540,V4,V4,V4,V4,0.88,0.88,NA,0,0,0,0.88,0,0,0,0,0,0.5,TRUE,TRUE,Illumina
180,SRR10246761,512,805,513,804,0,1540,V4,V4,V4,V4,0.88,0.88,NA,0,0,0,0.88,0,0,0,0,0,0.5,TRUE,TRUE,Illumina
181,SRR10246762,512,805,513,804,0,1540,V4,V4,V4,V4,0.88,0.88,NA,0,0,0,0.88,0,0,0,0,0,0.5,TRUE,TRUE,Illumina
182,SRR10246763,512,805,513,804,0,1540,V4,V4,V4,V4,0.88,0.88,NA,0,0,0,0.88,0,0,0,0,0,0.5,TRUE,TRUE,Illumina
183,SRR10246764,512,805,513,804,0,1540,V4,V4,V4,V4,0.88,0.88,NA,0,0,0,0.88,0,0,0,0,0,0.5,TRUE,TRUE,Illumina
184,SRR10246765,512,805,513,804,0,1540,V4,V4,V4,V4,0.88,0.88,NA,0,0,0,0.88,0,0,0,0,0,0.5,TRUE,TRUE,Illumina
185,SRR10246766,512,805,513,804,0,1540,V4,V4,V4,V4,0.88,0.88,NA,0,0,0,0.88,0,0,0,0,0,0.5,TRUE,TRUE,Illumina
186,SRR10246767,512,805,513,804,0,1540,V4,V4,V4,V4,0.88,0.88,NA,0,0,0,0.88,0,0,0,0,0,0.5,TRUE,TRUE,Illumina
187,SRR10246768,783,1071,785,1071,0,1540,V5,V6,V4,V7,0.08,0.05,V4 and V7 below threshold of 0.5,0,0,0,0.08,1,1,0.05,0,0,0.5,TRUE,FALSE,Illumina
188,SRR10246769,783,1072,785,1071,0,1540,V5,V6,V4,V7,0.08,0.05,V4 and V7 below threshold of 0.5,0,0,0,0.08,1,1,0.05,0,0,0.5,TRUE,FALSE,Illumina
189,SRR10246770,783,1072,785,1071,0,1540,V5,V6,V4,V7,0.08,0.05,V4 and V7 below threshold of 0.5,0,0,0,0.08,1,1,0.05,0,0,0.5,TRUE,FALSE,Illumina
190,SRR10246579,512,805,513,804,0,1540,V4,V4,V4,V4,0.88,0.88,NA,0,0,0,0.88,0,0,0,0,0,0.6,TRUE,TRUE,Illumina
191,SRR10246580,512,805,513,804,0,1540,V4,V4,V4,V4,0.88,0.88,NA,0,0,0,0.88,0,0,0,0,0,0.6,TRUE,TRUE,Illumina
192,SRR10246582,512,805,513,804,0,1540,V4,V4,V4,V4,0.88,0.88,NA,0,0,0,0.88,0,0,0,0,0,0.6,TRUE,TRUE,Illumina
193,SRR10246583,777,1193,779,1192,0,1540,V5,V7,V4,V8,0.1,0.06,V4 and V8 below threshold of 0.6,0,0,0,0.1,1,1,1,0.06,0,0.6,TRUE,FALSE,Illumina
194,SRR10246584,778,1193,779,1192,0,1540,V5,V7,V4,V8,0.1,0.06,V4 and V8 below threshold of 0.6,0,0,0,0.1,1,1,1,0.06,0,0.6,TRUE,FALSE,Illumina
195,SRR10246585,777,1191,779,1192,0,1540,V5,V7,V4,V8,0.1,0.06,V4 and V8 below threshold of 0.6,0,0,0,0.1,1,1,1,0.06,0,0.6,TRUE,FALSE,Illumina
196,SRR10246586,778,1191,779,1192,0,1540,V5,V7,V4,V8,0.1,0.06,V4 and V8 below threshold of 0.6,0,0,0,0.1,1,1,1,0.06,0,0.6,TRUE,FALSE,Illumina
197,SRR10246587,778,1193,779,1192,0,1540,V5,V7,V4,V8,0.1,0.06,V4 and V8 below threshold of 0.6,0,0,0,0.1,1,1,1,0.06,0,0.6,TRUE,FALSE,Illumina
198,SRR10246588,778,1192,779,1192,0,1540,V5,V7,V4,V8,0.1,0.06,V4 and V8 below threshold of 0.6,0,0,0,0.1,1,1,1,0.06,0,0.6,TRUE,FALSE,Illumina
199,SRR10246589,784,1072,785,1071,0,1540,V5,V6,V4,V7,0.08,0.05,V4 and V7 below threshold of 0.6,0,0,0,0.08,1,1,0.05,0,0,0.6,TRUE,FALSE,Illumina
200,SRR10246590,778,1193,779,1192,0,1540,V5,V7,V4,V8,0.1,0.06,V4 and V8 below threshold of 0.6,0,0,0,0.1,1,1,1,0.06,0,0.6,TRUE,FALSE,Illumina
201,SRR10246591,778,1193,779,1192,0,1540,V5,V7,V4,V8,0.1,0.06,V4 and V8 below threshold of 0.6,0,0,0,0.1,1,1,1,0.06,0,0.6,TRUE,FALSE,Illumina
202,SRR10246592,778,1193,779,1192,0,1540,V5,V7,V4,V8,0.1,0.06,V4 and V8 below threshold of 0.6,0,0,0,0.1,1,1,1,0.06,0,0.6,TRUE,FALSE,Illumina
203,SRR10246593,778,1193,779,1192,0,1540,V5,V7,V4,V8,0.1,0.06,V4 and V8 below threshold of 0.6,0,0,0,0.1,1,1,1,0.06,0,0.6,TRUE,FALSE,Illumina
204,SRR10246594,779,1193,779,1192,0,1540,V5,V7,V4,V8,0.1,0.06,V4 and V8 below threshold of 0.6,0,0,0,0.1,1,1,1,0.06,0,0.6,TRUE,FALSE,Illumina
205,SRR10246595,778,1192,779,1192,0,1540,V5,V7,V4,V8,0.1,0.06,V4 and V8 below threshold of 0.6,0,0,0,0.1,1,1,1,0.06,0,0.6,TRUE,FALSE,Illumina
206,SRR10246596,776,1191,779,1192,0,1540,V5,V7,V4,V8,0.1,0.06,V4 and V8 below threshold of 0.6,0,0,0,0.1,1,1,1,0.06,0,0.6,TRUE,FALSE,Illumina
207,SRR10246597,776,1189,779,1192,0,1540,V5,V7,V4,V8,0.1,0.06,V4 and V8 below threshold of 0.6,0,0,0,0.1,1,1,1,0.06,0,0.6,TRUE,FALSE,Illumina
208,SRR10246598,778,1192,779,1192,0,1540,V5,V7,V4,V8,0.1,0.06,V4 and V8 below threshold of 0.6,0,0,0,0.1,1,1,1,0.06,0,0.6,TRUE,FALSE,Illumina
209,SRR10246599,778,1192,779,1192,0,1540,V5,V7,V4,V8,0.1,0.06,V4 and V8 below threshold of 0.6,0,0,0,0.1,1,1,1,0.06,0,0.6,TRUE,FALSE,Illumina
210,SRR10246600,784,1072,785,1071,0,1540,V5,V6,V4,V7,0.08,0.05,V4 and V7 below threshold of 0.6,0,0,0,0.08,1,1,0.05,0,0,0.6,TRUE,FALSE,Illumina
211,SRR10246601,777,1192,779,1192,0,1540,V5,V7,V4,V8,0.1,0.06,V4 and V8 below threshold of 0.6,0,0,0,0.1,1,1,1,0.06,0,0.6,TRUE,FALSE,Illumina
212,SRR10246602,778,1193,779,1192,0,1540,V5,V7,V4,V8,0.1,0.06,V4 and V8 below threshold of 0.6,0,0,0,0.1,1,1,1,0.06,0,0.6,TRUE,FALSE,Illumina
213,SRR10246603,777,1191,779,1192,0,1540,V5,V7,V4,V8,0.1,0.06,V4 and V8 below threshold of 0.6,0,0,0,0.1,1,1,1,0.06,0,0.6,TRUE,FALSE,Illumina
214,SRR10246604,778,1192,779,1192,0,1540,V5,V7,V4,V8,0.1,0.06,V4 and V8 below threshold of 0.6,0,0,0,0.1,1,1,1,0.06,0,0.6,TRUE,FALSE,Illumina
215,SRR10246605,778,1192,779,1192,0,1540,V5,V7,V4,V8,0.1,0.06,V4 and V8 below threshold of 0.6,0,0,0,0.1,1,1,1,0.06,0,0.6,TRUE,FALSE,Illumina
216,SRR10246606,779,1192,779,1192,0,1540,V5,V7,V4,V8,0.1,0.06,V4 and V8 below threshold of 0.6,0,0,0,0.1,1,1,1,0.06,0,0.6,TRUE,FALSE,Illumina
217,SRR10246607,778,1193,779,1192,0,1540,V5,V7,V4,V8,0.1,0.06,V4 and V8 below threshold of 0.6,0,0,0,0.1,1,1,1,0.06,0,0.6,TRUE,FALSE,Illumina
218,SRR10246608,777,1193,779,1192,0,1540,V5,V7,V4,V8,0.1,0.06,V4 and V8 below threshold of 0.6,0,0,0,0.1,1,1,1,0.06,0,0.6,TRUE,FALSE,Illumina
219,SRR10246609,777,1191,779,1192,0,1540,V5,V7,V4,V8,0.1,0.06,V4 and V8 below threshold of 0.6,0,0,0,0.1,1,1,1,0.06,0,0.6,TRUE,FALSE,Illumina
220,SRR10246610,777,1193,779,1192,0,1540,V5,V7,V4,V8,0.1,0.06,V4 and V8 below threshold of 0.6,0,0,0,0.1,1,1,1,0.06,0,0.6,TRUE,FALSE,Illumina
221,SRR10246611,784,1072,785,1071,0,1540,V5,V6,V4,V7,0.08,0.05,V4 and V7 below threshold of 0.6,0,0,0,0.08,1,1,0.05,0,0,0.6,TRUE,FALSE,Illumina
222,SRR10246612,778,1193,779,1192,0,1540,V5,V7,V4,V8,0.1,0.06,V4 and V8 below threshold of 0.6,0,0,0,0.1,1,1,1,0.06,0,0.6,TRUE,FALSE,Illumina
223,SRR10246613,778,1193,779,1192,0,1540,V5,V7,V4,V8,0.1,0.06,V4 and V8 below threshold of 0.6,0,0,0,0.1,1,1,1,0.06,0,0.6,TRUE,FALSE,Illumina
224,SRR10246614,778,1192,779,1192,0,1540,V5,V7,V4,V8,0.1,0.06,V4 and V8 below threshold of 0.6,0,0,0,0.1,1,1,1,0.06,0,0.6,TRUE,FALSE,Illumina
225,SRR10246615,778,1192,779,1192,0,1540,V5,V7,V4,V8,0.1,0.06,V4 and V8 below threshold of 0.6,0,0,0,0.1,1,1,1,0.06,0,0.6,TRUE,FALSE,Illumina
226,SRR10246616,778,1192,779,1192,0,1540,V5,V7,V4,V8,0.1,0.06,V4 and V8 below threshold of 0.6,0,0,0,0.1,1,1,1,0.06,0,0.6,TRUE,FALSE,Illumina
227,SRR10246617,778,1193,779,1192,0,1540,V5,V7,V4,V8,0.1,0.06,V4 and V8 below threshold of 0.6,0,0,0,0.1,1,1,1,0.06,0,0.6,TRUE,FALSE,Illumina
228,SRR10246618,778,1192,779,1192,0,1540,V5,V7,V4,V8,0.1,0.06,V4 and V8 below threshold of 0.6,0,0,0,0.1,1,1,1,0.06,0,0.6,TRUE,FALSE,Illumina
229,SRR10246619,778,1192,779,1192,0,1540,V5,V7,V4,V8,0.1,0.06,V4 and V8 below threshold of 0.6,0,0,0,0.1,1,1,1,0.06,0,0.6,TRUE,FALSE,Illumina
230,SRR10246620,778,1192,779,1192,0,1540,V5,V7,V4,V8,0.1,0.06,V4 and V8 below threshold of 0.6,0,0,0,0.1,1,1,1,0.06,0,0.6,TRUE,FALSE,Illumina
231,SRR10246621,778,1192,779,1192,0,1540,V5,V7,V4,V8,0.1,0.06,V4 and V8 below threshold of 0.6,0,0,0,0.1,1,1,1,0.06,0,0.6,TRUE,FALSE,Illumina
232,SRR10246622,784,1072,785,1071,0,1540,V5,V6,V4,V7,0.08,0.05,V4 and V7 below threshold of 0.6,0,0,0,0.08,1,1,0.05,0,0,0.6,TRUE,FALSE,Illumina
233,SRR10246624,777,1191,779,1192,0,1540,V5,V7,V4,V8,0.1,0.06,V4 and V8 below threshold of 0.6,0,0,0,0.1,1,1,1,0.06,0,0.6,TRUE,FALSE,Illumina
234,SRR10246625,777,1192,779,1192,0,1540,V5,V7,V4,V8,0.1,0.06,V4 and V8 below threshold of 0.6,0,0,0,0.1,1,1,1,0.06,0,0.6,TRUE,FALSE,Illumina
235,SRR10246626,777,1192,779,1192,0,1540,V5,V7,V4,V8,0.1,0.06,V4 and V8 below threshold of 0.6,0,0,0,0.1,1,1,1,0.06,0,0.6,TRUE,FALSE,Illumina
236,SRR10246627,778,1193,779,1192,0,1540,V5,V7,V4,V8,0.1,0.06,V4 and V8 below threshold of 0.6,0,0,0,0.1,1,1,1,0.06,0,0.6,TRUE,FALSE,Illumina
237,SRR10246628,778,1193,779,1192,0,1540,V5,V7,V4,V8,0.1,0.06,V4 and V8 below threshold of 0.6,0,0,0,0.1,1,1,1,0.06,0,0.6,TRUE,FALSE,Illumina
238,SRR10246629,777,1193,779,1192,0,1540,V5,V7,V4,V8,0.1,0.06,V4 and V8 below threshold of 0.6,0,0,0,0.1,1,1,1,0.06,0,0.6,TRUE,FALSE,Illumina
239,SRR10246630,777,1193,779,1192,0,1540,V5,V7,V4,V8,0.1,0.06,V4 and V8 below threshold of 0.6,0,0,0,0.1,1,1,1,0.06,0,0.6,TRUE,FALSE,Illumina
240,SRR10246631,778,1191,779,1192,0,1540,V5,V7,V4,V8,0.1,0.06,V4 and V8 below threshold of 0.6,0,0,0,0.1,1,1,1,0.06,0,0.6,TRUE,FALSE,Illumina
241,SRR10246632,777,1193,779,1192,0,1540,V5,V7,V4,V8,0.1,0.06,V4 and V8 below threshold of 0.6,0,0,0,0.1,1,1,1,0.06,0,0.6,TRUE,FALSE,Illumina
242,SRR10246633,784,1072,785,1071,0,1540,V5,V6,V4,V7,0.08,0.05,V4 and V7 below threshold of 0.6,0,0,0,0.08,1,1,0.05,0,0,0.6,TRUE,FALSE,Illumina
243,SRR10246634,777,1193,779,1192,0,1540,V5,V7,V4,V8,0.1,0.06,V4 and V8 below threshold of 0.6,0,0,0,0.1,1,1,1,0.06,0,0.6,TRUE,FALSE,Illumina
244,SRR10246635,777,1193,779,1192,0,1540,V5,V7,V4,V8,0.1,0.06,V4 and V8 below threshold of 0.6,0,0,0,0.1,1,1,1,0.06,0,0.6,TRUE,FALSE,Illumina
245,SRR10246636,784,1072,785,1071,0,1540,V5,V6,V4,V7,0.08,0.05,V4 and V7 below threshold of 0.6,0,0,0,0.08,1,1,0.05,0,0,0.6,TRUE,FALSE,Illumina
246,SRR10246637,784,1072,785,1071,0,1540,V5,V6,V4,V7,0.08,0.05,V4 and V7 below threshold of 0.6,0,0,0,0.08,1,1,0.05,0,0,0.6,TRUE,FALSE,Illumina
247,SRR10246638,784,1072,785,1071,0,1540,V5,V6,V4,V7,0.08,0.05,V4 and V7 below threshold of 0.6,0,0,0,0.08,1,1,0.05,0,0,0.6,TRUE,FALSE,Illumina
248,SRR10246639,783,1071,785,1071,0,1540,V5,V6,V4,V7,0.08,0.05,V4 and V7 below threshold of 0.6,0,0,0,0.08,1,1,0.05,0,0,0.6,TRUE,FALSE,Illumina
249,SRR10246640,784,1072,785,1071,0,1540,V5,V6,V4,V7,0.08,0.05,V4 and V7 below threshold of 0.6,0,0,0,0.08,1,1,0.05,0,0,0.6,TRUE,FALSE,Illumina
250,SRR10246641,784,1072,785,1071,0,1540,V5,V6,V4,V7,0.08,0.05,V4 and V7 below threshold of 0.6,0,0,0,0.08,1,1,0.05,0,0,0.6,TRUE,FALSE,Illumina
251,SRR10246642,784,1072,785,1071,0,1540,V5,V6,V4,V7,0.08,0.05,V4 and V7 below threshold of 0.6,0,0,0,0.08,1,1,0.05,0,0,0.6,TRUE,FALSE,Illumina
252,SRR10246643,783,1071,785,1071,0,1540,V5,V6,V4,V7,0.08,0.05,V4 and V7 below threshold of 0.6,0,0,0,0.08,1,1,0.05,0,0,0.6,TRUE,FALSE,Illumina
253,SRR10246644,784,1072,785,1071,0,1540,V5,V6,V4,V7,0.08,0.05,V4 and V7 below threshold of 0.6,0,0,0,0.08,1,1,0.05,0,0,0.6,TRUE,FALSE,Illumina
254,SRR10246645,784,1072,785,1071,0,1540,V5,V6,V4,V7,0.08,0.05,V4 and V7 below threshold of 0.6,0,0,0,0.08,1,1,0.05,0,0,0.6,TRUE,FALSE,Illumina
255,SRR10246646,784,1072,785,1071,0,1540,V5,V6,V4,V7,0.08,0.05,V4 and V7 below threshold of 0.6,0,0,0,0.08,1,1,0.05,0,0,0.6,TRUE,FALSE,Illumina
256,SRR10246647,784,1071,785,1071,0,1540,V5,V6,V4,V7,0.08,0.05,V4 and V7 below threshold of 0.6,0,0,0,0.08,1,1,0.05,0,0,0.6,TRUE,FALSE,Illumina
257,SRR10246648,784,1072,785,1071,0,1540,V5,V6,V4,V7,0.08,0.05,V4 and V7 below threshold of 0.6,0,0,0,0.08,1,1,0.05,0,0,0.6,TRUE,FALSE,Illumina
258,SRR10246649,784,1072,785,1071,0,1540,V5,V6,V4,V7,0.08,0.05,V4 and V7 below threshold of 0.6,0,0,0,0.08,1,1,0.05,0,0,0.6,TRUE,FALSE,Illumina
259,SRR10246650,784,1072,785,1071,0,1540,V5,V6,V4,V7,0.08,0.05,V4 and V7 below threshold of 0.6,0,0,0,0.08,1,1,0.05,0,0,0.6,TRUE,FALSE,Illumina
260,SRR10246651,784,1072,785,1071,0,1540,V5,V6,V4,V7,0.08,0.05,V4 and V7 below threshold of 0.6,0,0,0,0.08,1,1,0.05,0,0,0.6,TRUE,FALSE,Illumina
261,SRR10246652,784,1072,785,1071,0,1540,V5,V6,V4,V7,0.08,0.05,V4 and V7 below threshold of 0.6,0,0,0,0.08,1,1,0.05,0,0,0.6,TRUE,FALSE,Illumina
262,SRR10246653,784,1072,785,1071,0,1540,V5,V6,V4,V7,0.08,0.05,V4 and V7 below threshold of 0.6,0,0,0,0.08,1,1,0.05,0,0,0.6,TRUE,FALSE,Illumina
263,SRR10246654,784,1072,785,1071,0,1540,V5,V6,V4,V7,0.08,0.05,V4 and V7 below threshold of 0.6,0,0,0,0.08,1,1,0.05,0,0,0.6,TRUE,FALSE,Illumina
264,SRR10246655,783,1072,785,1071,0,1540,V5,V6,V4,V7,0.08,0.05,V4 and V7 below threshold of 0.6,0,0,0,0.08,1,1,0.05,0,0,0.6,TRUE,FALSE,Illumina
265,SRR10246656,784,1072,785,1071,0,1540,V5,V6,V4,V7,0.08,0.05,V4 and V7 below threshold of 0.6,0,0,0,0.08,1,1,0.05,0,0,0.6,TRUE,FALSE,Illumina
266,SRR10246657,784,1072,785,1071,0,1540,V5,V6,V4,V7,0.08,0.05,V4 and V7 below threshold of 0.6,0,0,0,0.08,1,1,0.05,0,0,0.6,TRUE,FALSE,Illumina
267,SRR10246658,784,1072,785,1071,0,1540,V5,V6,V4,V7,0.08,0.05,V4 and V7 below threshold of 0.6,0,0,0,0.08,1,1,0.05,0,0,0.6,TRUE,FALSE,Illumina
268,SRR10246659,784,1072,785,1071,0,1540,V5,V6,V4,V7,0.08,0.05,V4 and V7 below threshold of 0.6,0,0,0,0.08,1,1,0.05,0,0,0.6,TRUE,FALSE,Illumina
269,SRR10246660,784,1072,785,1071,0,1540,V5,V6,V4,V7,0.08,0.05,V4 and V7 below threshold of 0.6,0,0,0,0.08,1,1,0.05,0,0,0.6,TRUE,FALSE,Illumina
270,SRR10246661,784,1072,785,1071,0,1540,V5,V6,V4,V7,0.08,0.05,V4 and V7 below threshold of 0.6,0,0,0,0.08,1,1,0.05,0,0,0.6,TRUE,FALSE,Illumina
271,SRR10246662,784,1072,785,1071,0,1540,V5,V6,V4,V7,0.08,0.05,V4 and V7 below threshold of 0.6,0,0,0,0.08,1,1,0.05,0,0,0.6,TRUE,FALSE,Illumina
272,SRR10246663,784,1072,785,1071,0,1540,V5,V6,V4,V7,0.08,0.05,V4 and V7 below threshold of 0.6,0,0,0,0.08,1,1,0.05,0,0,0.6,TRUE,FALSE,Illumina
273,SRR10246664,784,1072,785,1071,0,1540,V5,V6,V4,V7,0.08,0.05,V4 and V7 below threshold of 0.6,0,0,0,0.08,1,1,0.05,0,0,0.6,TRUE,FALSE,Illumina
274,SRR10246665,784,1072,785,1071,0,1540,V5,V6,V4,V7,0.08,0.05,V4 and V7 below threshold of 0.6,0,0,0,0.08,1,1,0.05,0,0,0.6,TRUE,FALSE,Illumina
275,SRR10246666,784,1072,785,1071,0,1540,V5,V6,V4,V7,0.08,0.05,V4 and V7 below threshold of 0.6,0,0,0,0.08,1,1,0.05,0,0,0.6,TRUE,FALSE,Illumina
276,SRR10246667,340,804,339,803,0,1540,V3,V4,V3,V4,0.78,0.98,NA,0,0,0.78,0.98,0,0,0,0,0,0.6,FALSE,TRUE,Illumina
277,SRR10246668,341,804,339,803,0,1540,V3,V4,V3,V4,0.78,0.98,NA,0,0,0.78,0.98,0,0,0,0,0,0.6,FALSE,TRUE,Illumina
278,SRR10246669,784,1072,785,1071,0,1540,V5,V6,V4,V7,0.08,0.05,V4 and V7 below threshold of 0.6,0,0,0,0.08,1,1,0.05,0,0,0.6,TRUE,FALSE,Illumina
279,SRR10246670,340,804,339,803,0,1540,V3,V4,V3,V4,0.78,0.98,NA,0,0,0.78,0.98,0,0,0,0,0,0.6,FALSE,TRUE,Illumina
280,SRR10246671,339,804,339,803,0,1540,V3,V4,V3,V4,0.78,0.98,NA,0,0,0.78,0.98,0,0,0,0,0,0.6,FALSE,TRUE,Illumina
281,SRR10246672,341,804,339,803,0,1540,V3,V4,V3,V4,0.78,0.98,NA,0,0,0.78,0.98,0,0,0,0,0,0.6,FALSE,TRUE,Illumina
282,SRR10246673,341,804,339,803,0,1540,V3,V4,V3,V4,0.78,0.98,NA,0,0,0.78,0.98,0,0,0,0,0,0.6,FALSE,TRUE,Illumina
283,SRR10246674,340,804,339,803,0,1540,V3,V4,V3,V4,0.78,0.98,NA,0,0,0.78,0.98,0,0,0,0,0,0.6,FALSE,TRUE,Illumina
284,SRR10246675,339,804,339,803,0,1540,V3,V4,V3,V4,0.78,0.98,NA,0,0,0.78,0.98,0,0,0,0,0,0.6,FALSE,TRUE,Illumina
285,SRR10246676,340,804,339,803,0,1540,V3,V4,V3,V4,0.78,0.98,NA,0,0,0.78,0.98,0,0,0,0,0,0.6,FALSE,TRUE,Illumina
286,SRR10246677,339,804,339,803,0,1540,V3,V4,V3,V4,0.78,0.98,NA,0,0,0.78,0.98,0,0,0,0,0,0.6,FALSE,TRUE,Illumina
287,SRR10246678,464,805,513,804,0,1540,V4,V4,V4,V4,0.88,0.88,NA,0,0,0,0.88,0,0,0,0,0,0.6,TRUE,TRUE,Illumina
288,SRR10246679,339,804,339,803,0,1540,V3,V4,V3,V4,0.78,0.98,NA,0,0,0.78,0.98,0,0,0,0,0,0.6,FALSE,TRUE,Illumina
289,SRR10246680,784,1072,785,1071,0,1540,V5,V6,V4,V7,0.08,0.05,V4 and V7 below threshold of 0.6,0,0,0,0.08,1,1,0.05,0,0,0.6,TRUE,FALSE,Illumina
290,SRR10246681,340,804,339,803,0,1540,V3,V4,V3,V4,0.78,0.98,NA,0,0,0.78,0.98,0,0,0,0,0,0.6,FALSE,TRUE,Illumina
291,SRR10246682,340,804,339,803,0,1540,V3,V4,V3,V4,0.78,0.98,NA,0,0,0.78,0.98,0,0,0,0,0,0.6,FALSE,TRUE,Illumina
292,SRR10246683,341,804,339,803,0,1540,V3,V4,V3,V4,0.78,0.98,NA,0,0,0.78,0.98,0,0,0,0,0,0.6,FALSE,TRUE,Illumina
293,SRR10246684,340,804,339,803,0,1540,V3,V4,V3,V4,0.78,0.98,NA,0,0,0.78,0.98,0,0,0,0,0,0.6,FALSE,TRUE,Illumina
294,SRR10246685,342,805,339,803,0,1540,V3,V4,V3,V4,0.78,0.98,NA,0,0,0.78,0.98,0,0,0,0,0,0.6,FALSE,TRUE,Illumina
295,SRR10246686,341,804,339,803,0,1540,V3,V4,V3,V4,0.78,0.98,NA,0,0,0.78,0.98,0,0,0,0,0,0.6,FALSE,TRUE,Illumina
296,SRR10246687,343,804,339,803,0,1540,V3,V4,V3,V4,0.78,0.98,NA,0,0,0.78,0.98,0,0,0,0,0,0.6,FALSE,TRUE,Illumina
297,SRR10246688,338,804,339,803,0,1540,V3,V4,V3,V4,0.78,0.98,NA,0,0,0.78,0.98,0,0,0,0,0,0.6,FALSE,TRUE,Illumina
298,SRR10246689,339,804,339,803,0,1540,V3,V4,V3,V4,0.78,0.98,NA,0,0,0.78,0.98,0,0,0,0,0,0.6,FALSE,TRUE,Illumina
299,SRR10246690,342,804,339,803,0,1540,V3,V4,V3,V4,0.78,0.98,NA,0,0,0.78,0.98,0,0,0,0,0,0.6,FALSE,TRUE,Illumina
300,SRR10246691,784,1072,785,1071,0,1540,V5,V6,V4,V7,0.08,0.05,V4 and V7 below threshold of 0.6,0,0,0,0.08,1,1,0.05,0,0,0.6,TRUE,FALSE,Illumina
301,SRR10246692,340,804,339,803,0,1540,V3,V4,V3,V4,0.78,0.98,NA,0,0,0.78,0.98,0,0,0,0,0,0.6,FALSE,TRUE,Illumina
302,SRR10246693,342,804,339,803,0,1540,V3,V4,V3,V4,0.78,0.98,NA,0,0,0.78,0.98,0,0,0,0,0,0.6,FALSE,TRUE,Illumina
303,SRR10246694,340,804,339,803,0,1540,V3,V4,V3,V4,0.78,0.98,NA,0,0,0.78,0.98,0,0,0,0,0,0.6,FALSE,TRUE,Illumina
304,SRR10246695,346,804,339,803,0,1540,V3,V4,V3,V4,0.78,0.98,NA,0,0,0.78,0.98,0,0,0,0,0,0.6,FALSE,TRUE,Illumina
305,SRR10246696,343,804,339,803,0,1540,V3,V4,V3,V4,0.78,0.98,NA,0,0,0.78,0.98,0,0,0,0,0,0.6,FALSE,TRUE,Illumina
306,SRR10246697,340,804,339,803,0,1540,V3,V4,V3,V4,0.78,0.98,NA,0,0,0.78,0.98,0,0,0,0,0,0.6,FALSE,TRUE,Illumina
307,SRR10246698,340,804,339,803,0,1540,V3,V4,V3,V4,0.78,0.98,NA,0,0,0.78,0.98,0,0,0,0,0,0.6,FALSE,TRUE,Illumina
308,SRR10246699,339,804,339,803,0,1540,V3,V4,V3,V4,0.78,0.98,NA,0,0,0.78,0.98,0,0,0,0,0,0.6,FALSE,TRUE,Illumina
309,SRR10246700,339,804,339,803,0,1540,V3,V4,V3,V4,0.78,0.98,NA,0,0,0.78,0.98,0,0,0,0,0,0.6,FALSE,TRUE,Illumina
310,SRR10246701,339,804,339,803,0,1540,V3,V4,V3,V4,0.78,0.98,NA,0,0,0.78,0.98,0,0,0,0,0,0.6,FALSE,TRUE,Illumina
311,SRR10246702,784,1072,785,1071,0,1540,V5,V6,V4,V7,0.08,0.05,V4 and V7 below threshold of 0.6,0,0,0,0.08,1,1,0.05,0,0,0.6,TRUE,FALSE,Illumina
312,SRR10246703,339,804,339,803,0,1540,V3,V4,V3,V4,0.78,0.98,NA,0,0,0.78,0.98,0,0,0,0,0,0.6,FALSE,TRUE,Illumina
313,SRR10246704,339,804,339,803,0,1540,V3,V4,V3,V4,0.78,0.98,NA,0,0,0.78,0.98,0,0,0,0,0,0.6,FALSE,TRUE,Illumina
314,SRR10246705,341,804,339,803,0,1540,V3,V4,V3,V4,0.78,0.98,NA,0,0,0.78,0.98,0,0,0,0,0,0.6,FALSE,TRUE,Illumina
315,SRR10246706,339,804,339,803,0,1540,V3,V4,V3,V4,0.78,0.98,NA,0,0,0.78,0.98,0,0,0,0,0,0.6,FALSE,TRUE,Illumina
316,SRR10246707,339,804,339,803,0,1540,V3,V4,V3,V4,0.78,0.98,NA,0,0,0.78,0.98,0,0,0,0,0,0.6,FALSE,TRUE,Illumina
317,SRR10246708,339,804,339,803,0,1540,V3,V4,V3,V4,0.78,0.98,NA,0,0,0.78,0.98,0,0,0,0,0,0.6,FALSE,TRUE,Illumina
318,SRR10246709,340,804,339,803,0,1540,V3,V4,V3,V4,0.78,0.98,NA,0,0,0.78,0.98,0,0,0,0,0,0.6,FALSE,TRUE,Illumina
319,SRR10246710,340,804,339,803,0,1540,V3,V4,V3,V4,0.78,0.98,NA,0,0,0.78,0.98,0,0,0,0,0,0.6,FALSE,TRUE,Illumina
320,SRR10246711,339,804,339,803,0,1540,V3,V4,V3,V4,0.78,0.98,NA,0,0,0.78,0.98,0,0,0,0,0,0.6,FALSE,TRUE,Illumina
321,SRR10246712,339,804,339,803,0,1540,V3,V4,V3,V4,0.78,0.98,NA,0,0,0.78,0.98,0,0,0,0,0,0.6,FALSE,TRUE,Illumina
322,SRR10246713,784,1072,785,1071,0,1540,V5,V6,V4,V7,0.08,0.05,V4 and V7 below threshold of 0.6,0,0,0,0.08,1,1,0.05,0,0,0.6,TRUE,FALSE,Illumina
323,SRR10246714,340,804,339,803,0,1540,V3,V4,V3,V4,0.78,0.98,NA,0,0,0.78,0.98,0,0,0,0,0,0.6,FALSE,TRUE,Illumina
324,SRR10246715,339,804,339,803,0,1540,V3,V4,V3,V4,0.78,0.98,NA,0,0,0.78,0.98,0,0,0,0,0,0.6,FALSE,TRUE,Illumina
325,SRR10246716,341,804,339,803,0,1540,V3,V4,V3,V4,0.78,0.98,NA,0,0,0.78,0.98,0,0,0,0,0,0.6,FALSE,TRUE,Illumina
326,SRR10246717,339,804,339,803,0,1540,V3,V4,V3,V4,0.78,0.98,NA,0,0,0.78,0.98,0,0,0,0,0,0.6,FALSE,TRUE,Illumina
327,SRR10246718,341,805,339,803,0,1540,V3,V4,V3,V4,0.78,0.98,NA,0,0,0.78,0.98,0,0,0,0,0,0.6,FALSE,TRUE,Illumina
328,SRR10246719,343,804,339,803,0,1540,V3,V4,V3,V4,0.78,0.98,NA,0,0,0.78,0.98,0,0,0,0,0,0.6,FALSE,TRUE,Illumina
329,SRR10246720,512,805,513,804,0,1540,V4,V4,V4,V4,0.88,0.88,NA,0,0,0,0.88,0,0,0,0,0,0.6,TRUE,TRUE,Illumina
330,SRR10246721,512,805,513,804,0,1540,V4,V4,V4,V4,0.88,0.88,NA,0,0,0,0.88,0,0,0,0,0,0.6,TRUE,TRUE,Illumina
331,SRR10246722,512,805,513,804,0,1540,V4,V4,V4,V4,0.88,0.88,NA,0,0,0,0.88,0,0,0,0,0,0.6,TRUE,TRUE,Illumina
332,SRR10246724,784,1072,785,1071,0,1540,V5,V6,V4,V7,0.08,0.05,V4 and V7 below threshold of 0.6,0,0,0,0.08,1,1,0.05,0,0,0.6,TRUE,FALSE,Illumina
333,SRR10246725,512,805,513,804,0,1540,V4,V4,V4,V4,0.88,0.88,NA,0,0,0,0.88,0,0,0,0,0,0.6,TRUE,TRUE,Illumina
334,SRR10246726,513,806,513,804,0,1540,V4,V4,V4,V4,0.88,0.88,NA,0,0,0,0.88,0,0,0,0,0,0.6,TRUE,TRUE,Illumina
335,SRR10246727,512,805,513,804,0,1540,V4,V4,V4,V4,0.88,0.88,NA,0,0,0,0.88,0,0,0,0,0,0.6,TRUE,TRUE,Illumina
336,SRR10246728,512,805,513,804,0,1540,V4,V4,V4,V4,0.88,0.88,NA,0,0,0,0.88,0,0,0,0,0,0.6,TRUE,TRUE,Illumina
337,SRR10246729,512,805,513,804,0,1540,V4,V4,V4,V4,0.88,0.88,NA,0,0,0,0.88,0,0,0,0,0,0.6,TRUE,TRUE,Illumina
338,SRR10246730,512,805,513,804,0,1540,V4,V4,V4,V4,0.88,0.88,NA,0,0,0,0.88,0,0,0,0,0,0.6,TRUE,TRUE,Illumina
339,SRR10246731,512,805,513,804,0,1540,V4,V4,V4,V4,0.88,0.88,NA,0,0,0,0.88,0,0,0,0,0,0.6,TRUE,TRUE,Illumina
340,SRR10246732,512,805,513,804,0,1540,V4,V4,V4,V4,0.88,0.88,NA,0,0,0,0.88,0,0,0,0,0,0.6,TRUE,TRUE,Illumina
341,SRR10246733,512,805,513,804,0,1540,V4,V4,V4,V4,0.88,0.88,NA,0,0,0,0.88,0,0,0,0,0,0.6,TRUE,TRUE,Illumina
342,SRR10246734,513,805,513,804,0,1540,V4,V4,V4,V4,0.88,0.88,NA,0,0,0,0.88,0,0,0,0,0,0.6,TRUE,TRUE,Illumina
343,SRR10246735,784,1072,785,1071,0,1540,V5,V6,V4,V7,0.08,0.05,V4 and V7 below threshold of 0.6,0,0,0,0.08,1,1,0.05,0,0,0.6,TRUE,FALSE,Illumina
344,SRR10246736,512,805,513,804,0,1540,V4,V4,V4,V4,0.88,0.88,NA,0,0,0,0.88,0,0,0,0,0,0.6,TRUE,TRUE,Illumina
345,SRR10246737,512,805,513,804,0,1540,V4,V4,V4,V4,0.88,0.88,NA,0,0,0,0.88,0,0,0,0,0,0.6,TRUE,TRUE,Illumina
346,SRR10246738,512,805,513,804,0,1540,V4,V4,V4,V4,0.88,0.88,NA,0,0,0,0.88,0,0,0,0,0,0.6,TRUE,TRUE,Illumina
347,SRR10246739,512,805,513,804,0,1540,V4,V4,V4,V4,0.88,0.88,NA,0,0,0,0.88,0,0,0,0,0,0.6,TRUE,TRUE,Illumina
348,SRR10246740,513,806,513,804,0,1540,V4,V4,V4,V4,0.88,0.88,NA,0,0,0,0.88,0,0,0,0,0,0.6,TRUE,TRUE,Illumina
349,SRR10246741,512,805,513,804,0,1540,V4,V4,V4,V4,0.88,0.88,NA,0,0,0,0.88,0,0,0,0,0,0.6,TRUE,TRUE,Illumina
350,SRR10246742,512,805,513,804,0,1540,V4,V4,V4,V4,0.88,0.88,NA,0,0,0,0.88,0,0,0,0,0,0.6,TRUE,TRUE,Illumina
351,SRR10246743,513,806,513,804,0,1540,V4,V4,V4,V4,0.88,0.88,NA,0,0,0,0.88,0,0,0,0,0,0.6,TRUE,TRUE,Illumina
352,SRR10246744,512,805,513,804,0,1540,V4,V4,V4,V4,0.88,0.88,NA,0,0,0,0.88,0,0,0,0,0,0.6,TRUE,TRUE,Illumina
353,SRR10246745,512,805,513,804,0,1540,V4,V4,V4,V4,0.88,0.88,NA,0,0,0,0.88,0,0,0,0,0,0.6,TRUE,TRUE,Illumina
354,SRR10246746,784,1072,785,1071,0,1540,V5,V6,V4,V7,0.08,0.05,V4 and V7 below threshold of 0.6,0,0,0,0.08,1,1,0.05,0,0,0.6,TRUE,FALSE,Illumina
355,SRR10246747,512,805,513,804,0,1540,V4,V4,V4,V4,0.88,0.88,NA,0,0,0,0.88,0,0,0,0,0,0.6,TRUE,TRUE,Illumina
356,SRR10246748,512,805,513,804,0,1540,V4,V4,V4,V4,0.88,0.88,NA,0,0,0,0.88,0,0,0,0,0,0.6,TRUE,TRUE,Illumina
357,SRR10246749,512,805,513,804,0,1540,V4,V4,V4,V4,0.88,0.88,NA,0,0,0,0.88,0,0,0,0,0,0.6,TRUE,TRUE,Illumina
358,SRR10246750,512,805,513,804,0,1540,V4,V4,V4,V4,0.88,0.88,NA,0,0,0,0.88,0,0,0,0,0,0.6,TRUE,TRUE,Illumina
359,SRR10246751,512,805,513,804,0,1540,V4,V4,V4,V4,0.88,0.88,NA,0,0,0,0.88,0,0,0,0,0,0.6,TRUE,TRUE,Illumina
360,SRR10246752,512,805,513,804,0,1540,V4,V4,V4,V4,0.88,0.88,NA,0,0,0,0.88,0,0,0,0,0,0.6,TRUE,TRUE,Illumina
361,SRR10246753,512,805,513,804,0,1540,V4,V4,V4,V4,0.88,0.88,NA,0,0,0,0.88,0,0,0,0,0,0.6,TRUE,TRUE,Illumina
362,SRR10246754,512,805,513,804,0,1540,V4,V4,V4,V4,0.88,0.88,NA,0,0,0,0.88,0,0,0,0,0,0.6,TRUE,TRUE,Illumina
363,SRR10246755,512,805,513,804,0,1540,V4,V4,V4,V4,0.88,0.88,NA,0,0,0,0.88,0,0,0,0,0,0.6,TRUE,TRUE,Illumina
364,SRR10246756,512,805,513,804,0,1540,V4,V4,V4,V4,0.88,0.88,NA,0,0,0,0.88,0,0,0,0,0,0.6,TRUE,TRUE,Illumina
365,SRR10246757,784,1072,785,1071,0,1540,V5,V6,V4,V7,0.08,0.05,V4 and V7 below threshold of 0.6,0,0,0,0.08,1,1,0.05,0,0,0.6,TRUE,FALSE,Illumina
366,SRR10246758,512,805,513,804,0,1540,V4,V4,V4,V4,0.88,0.88,NA,0,0,0,0.88,0,0,0,0,0,0.6,TRUE,TRUE,Illumina
367,SRR10246759,512,805,513,804,0,1540,V4,V4,V4,V4,0.88,0.88,NA,0,0,0,0.88,0,0,0,0,0,0.6,TRUE,TRUE,Illumina
368,SRR10246760,512,805,513,804,0,1540,V4,V4,V4,V4,0.88,0.88,NA,0,0,0,0.88,0,0,0,0,0,0.6,TRUE,TRUE,Illumina
369,SRR10246761,512,805,513,804,0,1540,V4,V4,V4,V4,0.88,0.88,NA,0,0,0,0.88,0,0,0,0,0,0.6,TRUE,TRUE,Illumina
370,SRR10246762,512,805,513,804,0,1540,V4,V4,V4,V4,0.88,0.88,NA,0,0,0,0.88,0,0,0,0,0,0.6,TRUE,TRUE,Illumina
371,SRR10246763,512,805,513,804,0,1540,V4,V4,V4,V4,0.88,0.88,NA,0,0,0,0.88,0,0,0,0,0,0.6,TRUE,TRUE,Illumina
372,SRR10246764,512,805,513,804,0,1540,V4,V4,V4,V4,0.88,0.88,NA,0,0,0,0.88,0,0,0,0,0,0.6,TRUE,TRUE,Illumina
373,SRR10246765,512,805,513,804,0,1540,V4,V4,V4,V4,0.88,0.88,NA,0,0,0,0.88,0,0,0,0,0,0.6,TRUE,TRUE,Illumina
374,SRR10246766,512,805,513,804,0,1540,V4,V4,V4,V4,0.88,0.88,NA,0,0,0,0.88,0,0,0,0,0,0.6,TRUE,TRUE,Illumina
375,SRR10246767,512,805,513,804,0,1540,V4,V4,V4,V4,0.88,0.88,NA,0,0,0,0.88,0,0,0,0,0,0.6,TRUE,TRUE,Illumina
376,SRR10246768,783,1071,785,1071,0,1540,V5,V6,V4,V7,0.08,0.05,V4 and V7 below threshold of 0.6,0,0,0,0.08,1,1,0.05,0,0,0.6,TRUE,FALSE,Illumina
377,SRR10246769,783,1072,785,1071,0,1540,V5,V6,V4,V7,0.08,0.05,V4 and V7 below threshold of 0.6,0,0,0,0.08,1,1,0.05,0,0,0.6,TRUE,FALSE,Illumina
378,SRR10246770,783,1072,785,1071,0,1540,V5,V6,V4,V7,0.08,0.05,V4 and V7 below threshold of 0.6,0,0,0,0.08,1,1,0.05,0,0,0.6,TRUE,FALSE,Illumina
379,SRR10246579,512,805,513,804,0,1540,V4,V4,V4,V4,0.88,0.88,NA,0,0,0,0.88,0,0,0,0,0,0.7,TRUE,TRUE,Illumina
380,SRR10246580,512,805,513,804,0,1540,V4,V4,V4,V4,0.88,0.88,NA,0,0,0,0.88,0,0,0,0,0,0.7,TRUE,TRUE,Illumina
381,SRR10246582,512,805,513,804,0,1540,V4,V4,V4,V4,0.88,0.88,NA,0,0,0,0.88,0,0,0,0,0,0.7,TRUE,TRUE,Illumina
382,SRR10246583,777,1193,779,1192,0,1540,V5,V7,V4,V8,0.1,0.06,V4 and V8 below threshold of 0.7,0,0,0,0.1,1,1,1,0.06,0,0.7,TRUE,FALSE,Illumina
383,SRR10246584,778,1193,779,1192,0,1540,V5,V7,V4,V8,0.1,0.06,V4 and V8 below threshold of 0.7,0,0,0,0.1,1,1,1,0.06,0,0.7,TRUE,FALSE,Illumina
384,SRR10246585,777,1191,779,1192,0,1540,V5,V7,V4,V8,0.1,0.06,V4 and V8 below threshold of 0.7,0,0,0,0.1,1,1,1,0.06,0,0.7,TRUE,FALSE,Illumina
385,SRR10246586,778,1191,779,1192,0,1540,V5,V7,V4,V8,0.1,0.06,V4 and V8 below threshold of 0.7,0,0,0,0.1,1,1,1,0.06,0,0.7,TRUE,FALSE,Illumina
386,SRR10246587,778,1193,779,1192,0,1540,V5,V7,V4,V8,0.1,0.06,V4 and V8 below threshold of 0.7,0,0,0,0.1,1,1,1,0.06,0,0.7,TRUE,FALSE,Illumina
387,SRR10246588,778,1192,779,1192,0,1540,V5,V7,V4,V8,0.1,0.06,V4 and V8 below threshold of 0.7,0,0,0,0.1,1,1,1,0.06,0,0.7,TRUE,FALSE,Illumina
388,SRR10246589,784,1072,785,1071,0,1540,V5,V6,V4,V7,0.08,0.05,V4 and V7 below threshold of 0.7,0,0,0,0.08,1,1,0.05,0,0,0.7,TRUE,FALSE,Illumina
389,SRR10246590,778,1193,779,1192,0,1540,V5,V7,V4,V8,0.1,0.06,V4 and V8 below threshold of 0.7,0,0,0,0.1,1,1,1,0.06,0,0.7,TRUE,FALSE,Illumina
390,SRR10246591,778,1193,779,1192,0,1540,V5,V7,V4,V8,0.1,0.06,V4 and V8 below threshold of 0.7,0,0,0,0.1,1,1,1,0.06,0,0.7,TRUE,FALSE,Illumina
391,SRR10246592,778,1193,779,1192,0,1540,V5,V7,V4,V8,0.1,0.06,V4 and V8 below threshold of 0.7,0,0,0,0.1,1,1,1,0.06,0,0.7,TRUE,FALSE,Illumina
392,SRR10246593,778,1193,779,1192,0,1540,V5,V7,V4,V8,0.1,0.06,V4 and V8 below threshold of 0.7,0,0,0,0.1,1,1,1,0.06,0,0.7,TRUE,FALSE,Illumina
393,SRR10246594,779,1193,779,1192,0,1540,V5,V7,V4,V8,0.1,0.06,V4 and V8 below threshold of 0.7,0,0,0,0.1,1,1,1,0.06,0,0.7,TRUE,FALSE,Illumina
394,SRR10246595,778,1192,779,1192,0,1540,V5,V7,V4,V8,0.1,0.06,V4 and V8 below threshold of 0.7,0,0,0,0.1,1,1,1,0.06,0,0.7,TRUE,FALSE,Illumina
395,SRR10246596,776,1191,779,1192,0,1540,V5,V7,V4,V8,0.1,0.06,V4 and V8 below threshold of 0.7,0,0,0,0.1,1,1,1,0.06,0,0.7,TRUE,FALSE,Illumina
396,SRR10246597,776,1189,779,1192,0,1540,V5,V7,V4,V8,0.1,0.06,V4 and V8 below threshold of 0.7,0,0,0,0.1,1,1,1,0.06,0,0.7,TRUE,FALSE,Illumina
397,SRR10246598,778,1192,779,1192,0,1540,V5,V7,V4,V8,0.1,0.06,V4 and V8 below threshold of 0.7,0,0,0,0.1,1,1,1,0.06,0,0.7,TRUE,FALSE,Illumina
398,SRR10246599,778,1192,779,1192,0,1540,V5,V7,V4,V8,0.1,0.06,V4 and V8 below threshold of 0.7,0,0,0,0.1,1,1,1,0.06,0,0.7,TRUE,FALSE,Illumina
399,SRR10246600,784,1072,785,1071,0,1540,V5,V6,V4,V7,0.08,0.05,V4 and V7 below threshold of 0.7,0,0,0,0.08,1,1,0.05,0,0,0.7,TRUE,FALSE,Illumina
400,SRR10246601,777,1192,779,1192,0,1540,V5,V7,V4,V8,0.1,0.06,V4 and V8 below threshold of 0.7,0,0,0,0.1,1,1,1,0.06,0,0.7,TRUE,FALSE,Illumina
401,SRR10246602,778,1193,779,1192,0,1540,V5,V7,V4,V8,0.1,0.06,V4 and V8 below threshold of 0.7,0,0,0,0.1,1,1,1,0.06,0,0.7,TRUE,FALSE,Illumina
402,SRR10246603,777,1191,779,1192,0,1540,V5,V7,V4,V8,0.1,0.06,V4 and V8 below threshold of 0.7,0,0,0,0.1,1,1,1,0.06,0,0.7,TRUE,FALSE,Illumina
403,SRR10246604,778,1192,779,1192,0,1540,V5,V7,V4,V8,0.1,0.06,V4 and V8 below threshold of 0.7,0,0,0,0.1,1,1,1,0.06,0,0.7,TRUE,FALSE,Illumina
404,SRR10246605,778,1192,779,1192,0,1540,V5,V7,V4,V8,0.1,0.06,V4 and V8 below threshold of 0.7,0,0,0,0.1,1,1,1,0.06,0,0.7,TRUE,FALSE,Illumina
405,SRR10246606,779,1192,779,1192,0,1540,V5,V7,V4,V8,0.1,0.06,V4 and V8 below threshold of 0.7,0,0,0,0.1,1,1,1,0.06,0,0.7,TRUE,FALSE,Illumina
406,SRR10246607,778,1193,779,1192,0,1540,V5,V7,V4,V8,0.1,0.06,V4 and V8 below threshold of 0.7,0,0,0,0.1,1,1,1,0.06,0,0.7,TRUE,FALSE,Illumina
407,SRR10246608,777,1193,779,1192,0,1540,V5,V7,V4,V8,0.1,0.06,V4 and V8 below threshold of 0.7,0,0,0,0.1,1,1,1,0.06,0,0.7,TRUE,FALSE,Illumina
408,SRR10246609,777,1191,779,1192,0,1540,V5,V7,V4,V8,0.1,0.06,V4 and V8 below threshold of 0.7,0,0,0,0.1,1,1,1,0.06,0,0.7,TRUE,FALSE,Illumina
409,SRR10246610,777,1193,779,1192,0,1540,V5,V7,V4,V8,0.1,0.06,V4 and V8 below threshold of 0.7,0,0,0,0.1,1,1,1,0.06,0,0.7,TRUE,FALSE,Illumina
410,SRR10246611,784,1072,785,1071,0,1540,V5,V6,V4,V7,0.08,0.05,V4 and V7 below threshold of 0.7,0,0,0,0.08,1,1,0.05,0,0,0.7,TRUE,FALSE,Illumina
411,SRR10246612,778,1193,779,1192,0,1540,V5,V7,V4,V8,0.1,0.06,V4 and V8 below threshold of 0.7,0,0,0,0.1,1,1,1,0.06,0,0.7,TRUE,FALSE,Illumina
412,SRR10246613,778,1193,779,1192,0,1540,V5,V7,V4,V8,0.1,0.06,V4 and V8 below threshold of 0.7,0,0,0,0.1,1,1,1,0.06,0,0.7,TRUE,FALSE,Illumina
413,SRR10246614,778,1192,779,1192,0,1540,V5,V7,V4,V8,0.1,0.06,V4 and V8 below threshold of 0.7,0,0,0,0.1,1,1,1,0.06,0,0.7,TRUE,FALSE,Illumina
414,SRR10246615,778,1192,779,1192,0,1540,V5,V7,V4,V8,0.1,0.06,V4 and V8 below threshold of 0.7,0,0,0,0.1,1,1,1,0.06,0,0.7,TRUE,FALSE,Illumina
415,SRR10246616,778,1192,779,1192,0,1540,V5,V7,V4,V8,0.1,0.06,V4 and V8 below threshold of 0.7,0,0,0,0.1,1,1,1,0.06,0,0.7,TRUE,FALSE,Illumina
416,SRR10246617,778,1193,779,1192,0,1540,V5,V7,V4,V8,0.1,0.06,V4 and V8 below threshold of 0.7,0,0,0,0.1,1,1,1,0.06,0,0.7,TRUE,FALSE,Illumina
417,SRR10246618,778,1192,779,1192,0,1540,V5,V7,V4,V8,0.1,0.06,V4 and V8 below threshold of 0.7,0,0,0,0.1,1,1,1,0.06,0,0.7,TRUE,FALSE,Illumina
418,SRR10246619,778,1192,779,1192,0,1540,V5,V7,V4,V8,0.1,0.06,V4 and V8 below threshold of 0.7,0,0,0,0.1,1,1,1,0.06,0,0.7,TRUE,FALSE,Illumina
419,SRR10246620,778,1192,779,1192,0,1540,V5,V7,V4,V8,0.1,0.06,V4 and V8 below threshold of 0.7,0,0,0,0.1,1,1,1,0.06,0,0.7,TRUE,FALSE,Illumina
420,SRR10246621,778,1192,779,1192,0,1540,V5,V7,V4,V8,0.1,0.06,V4 and V8 below threshold of 0.7,0,0,0,0.1,1,1,1,0.06,0,0.7,TRUE,FALSE,Illumina
421,SRR10246622,784,1072,785,1071,0,1540,V5,V6,V4,V7,0.08,0.05,V4 and V7 below threshold of 0.7,0,0,0,0.08,1,1,0.05,0,0,0.7,TRUE,FALSE,Illumina
422,SRR10246624,777,1191,779,1192,0,1540,V5,V7,V4,V8,0.1,0.06,V4 and V8 below threshold of 0.7,0,0,0,0.1,1,1,1,0.06,0,0.7,TRUE,FALSE,Illumina
423,SRR10246625,777,1192,779,1192,0,1540,V5,V7,V4,V8,0.1,0.06,V4 and V8 below threshold of 0.7,0,0,0,0.1,1,1,1,0.06,0,0.7,TRUE,FALSE,Illumina
424,SRR10246626,777,1192,779,1192,0,1540,V5,V7,V4,V8,0.1,0.06,V4 and V8 below threshold of 0.7,0,0,0,0.1,1,1,1,0.06,0,0.7,TRUE,FALSE,Illumina
425,SRR10246627,778,1193,779,1192,0,1540,V5,V7,V4,V8,0.1,0.06,V4 and V8 below threshold of 0.7,0,0,0,0.1,1,1,1,0.06,0,0.7,TRUE,FALSE,Illumina
426,SRR10246628,778,1193,779,1192,0,1540,V5,V7,V4,V8,0.1,0.06,V4 and V8 below threshold of 0.7,0,0,0,0.1,1,1,1,0.06,0,0.7,TRUE,FALSE,Illumina
427,SRR10246629,777,1193,779,1192,0,1540,V5,V7,V4,V8,0.1,0.06,V4 and V8 below threshold of 0.7,0,0,0,0.1,1,1,1,0.06,0,0.7,TRUE,FALSE,Illumina
428,SRR10246630,777,1193,779,1192,0,1540,V5,V7,V4,V8,0.1,0.06,V4 and V8 below threshold of 0.7,0,0,0,0.1,1,1,1,0.06,0,0.7,TRUE,FALSE,Illumina
429,SRR10246631,778,1191,779,1192,0,1540,V5,V7,V4,V8,0.1,0.06,V4 and V8 below threshold of 0.7,0,0,0,0.1,1,1,1,0.06,0,0.7,TRUE,FALSE,Illumina
430,SRR10246632,777,1193,779,1192,0,1540,V5,V7,V4,V8,0.1,0.06,V4 and V8 below threshold of 0.7,0,0,0,0.1,1,1,1,0.06,0,0.7,TRUE,FALSE,Illumina
431,SRR10246633,784,1072,785,1071,0,1540,V5,V6,V4,V7,0.08,0.05,V4 and V7 below threshold of 0.7,0,0,0,0.08,1,1,0.05,0,0,0.7,TRUE,FALSE,Illumina
432,SRR10246634,777,1193,779,1192,0,1540,V5,V7,V4,V8,0.1,0.06,V4 and V8 below threshold of 0.7,0,0,0,0.1,1,1,1,0.06,0,0.7,TRUE,FALSE,Illumina
433,SRR10246635,777,1193,779,1192,0,1540,V5,V7,V4,V8,0.1,0.06,V4 and V8 below threshold of 0.7,0,0,0,0.1,1,1,1,0.06,0,0.7,TRUE,FALSE,Illumina
434,SRR10246636,784,1072,785,1071,0,1540,V5,V6,V4,V7,0.08,0.05,V4 and V7 below threshold of 0.7,0,0,0,0.08,1,1,0.05,0,0,0.7,TRUE,FALSE,Illumina
435,SRR10246637,784,1072,785,1071,0,1540,V5,V6,V4,V7,0.08,0.05,V4 and V7 below threshold of 0.7,0,0,0,0.08,1,1,0.05,0,0,0.7,TRUE,FALSE,Illumina
436,SRR10246638,784,1072,785,1071,0,1540,V5,V6,V4,V7,0.08,0.05,V4 and V7 below threshold of 0.7,0,0,0,0.08,1,1,0.05,0,0,0.7,TRUE,FALSE,Illumina
437,SRR10246639,783,1071,785,1071,0,1540,V5,V6,V4,V7,0.08,0.05,V4 and V7 below threshold of 0.7,0,0,0,0.08,1,1,0.05,0,0,0.7,TRUE,FALSE,Illumina
438,SRR10246640,784,1072,785,1071,0,1540,V5,V6,V4,V7,0.08,0.05,V4 and V7 below threshold of 0.7,0,0,0,0.08,1,1,0.05,0,0,0.7,TRUE,FALSE,Illumina
439,SRR10246641,784,1072,785,1071,0,1540,V5,V6,V4,V7,0.08,0.05,V4 and V7 below threshold of 0.7,0,0,0,0.08,1,1,0.05,0,0,0.7,TRUE,FALSE,Illumina
440,SRR10246642,784,1072,785,1071,0,1540,V5,V6,V4,V7,0.08,0.05,V4 and V7 below threshold of 0.7,0,0,0,0.08,1,1,0.05,0,0,0.7,TRUE,FALSE,Illumina
441,SRR10246643,783,1071,785,1071,0,1540,V5,V6,V4,V7,0.08,0.05,V4 and V7 below threshold of 0.7,0,0,0,0.08,1,1,0.05,0,0,0.7,TRUE,FALSE,Illumina
442,SRR10246644,784,1072,785,1071,0,1540,V5,V6,V4,V7,0.08,0.05,V4 and V7 below threshold of 0.7,0,0,0,0.08,1,1,0.05,0,0,0.7,TRUE,FALSE,Illumina
443,SRR10246645,784,1072,785,1071,0,1540,V5,V6,V4,V7,0.08,0.05,V4 and V7 below threshold of 0.7,0,0,0,0.08,1,1,0.05,0,0,0.7,TRUE,FALSE,Illumina
444,SRR10246646,784,1072,785,1071,0,1540,V5,V6,V4,V7,0.08,0.05,V4 and V7 below threshold of 0.7,0,0,0,0.08,1,1,0.05,0,0,0.7,TRUE,FALSE,Illumina
445,SRR10246647,784,1071,785,1071,0,1540,V5,V6,V4,V7,0.08,0.05,V4 and V7 below threshold of 0.7,0,0,0,0.08,1,1,0.05,0,0,0.7,TRUE,FALSE,Illumina
446,SRR10246648,784,1072,785,1071,0,1540,V5,V6,V4,V7,0.08,0.05,V4 and V7 below threshold of 0.7,0,0,0,0.08,1,1,0.05,0,0,0.7,TRUE,FALSE,Illumina
447,SRR10246649,784,1072,785,1071,0,1540,V5,V6,V4,V7,0.08,0.05,V4 and V7 below threshold of 0.7,0,0,0,0.08,1,1,0.05,0,0,0.7,TRUE,FALSE,Illumina
448,SRR10246650,784,1072,785,1071,0,1540,V5,V6,V4,V7,0.08,0.05,V4 and V7 below threshold of 0.7,0,0,0,0.08,1,1,0.05,0,0,0.7,TRUE,FALSE,Illumina
449,SRR10246651,784,1072,785,1071,0,1540,V5,V6,V4,V7,0.08,0.05,V4 and V7 below threshold of 0.7,0,0,0,0.08,1,1,0.05,0,0,0.7,TRUE,FALSE,Illumina
450,SRR10246652,784,1072,785,1071,0,1540,V5,V6,V4,V7,0.08,0.05,V4 and V7 below threshold of 0.7,0,0,0,0.08,1,1,0.05,0,0,0.7,TRUE,FALSE,Illumina
451,SRR10246653,784,1072,785,1071,0,1540,V5,V6,V4,V7,0.08,0.05,V4 and V7 below threshold of 0.7,0,0,0,0.08,1,1,0.05,0,0,0.7,TRUE,FALSE,Illumina
452,SRR10246654,784,1072,785,1071,0,1540,V5,V6,V4,V7,0.08,0.05,V4 and V7 below threshold of 0.7,0,0,0,0.08,1,1,0.05,0,0,0.7,TRUE,FALSE,Illumina
453,SRR10246655,783,1072,785,1071,0,1540,V5,V6,V4,V7,0.08,0.05,V4 and V7 below threshold of 0.7,0,0,0,0.08,1,1,0.05,0,0,0.7,TRUE,FALSE,Illumina
454,SRR10246656,784,1072,785,1071,0,1540,V5,V6,V4,V7,0.08,0.05,V4 and V7 below threshold of 0.7,0,0,0,0.08,1,1,0.05,0,0,0.7,TRUE,FALSE,Illumina
455,SRR10246657,784,1072,785,1071,0,1540,V5,V6,V4,V7,0.08,0.05,V4 and V7 below threshold of 0.7,0,0,0,0.08,1,1,0.05,0,0,0.7,TRUE,FALSE,Illumina
456,SRR10246658,784,1072,785,1071,0,1540,V5,V6,V4,V7,0.08,0.05,V4 and V7 below threshold of 0.7,0,0,0,0.08,1,1,0.05,0,0,0.7,TRUE,FALSE,Illumina
457,SRR10246659,784,1072,785,1071,0,1540,V5,V6,V4,V7,0.08,0.05,V4 and V7 below threshold of 0.7,0,0,0,0.08,1,1,0.05,0,0,0.7,TRUE,FALSE,Illumina
458,SRR10246660,784,1072,785,1071,0,1540,V5,V6,V4,V7,0.08,0.05,V4 and V7 below threshold of 0.7,0,0,0,0.08,1,1,0.05,0,0,0.7,TRUE,FALSE,Illumina
459,SRR10246661,784,1072,785,1071,0,1540,V5,V6,V4,V7,0.08,0.05,V4 and V7 below threshold of 0.7,0,0,0,0.08,1,1,0.05,0,0,0.7,TRUE,FALSE,Illumina
460,SRR10246662,784,1072,785,1071,0,1540,V5,V6,V4,V7,0.08,0.05,V4 and V7 below threshold of 0.7,0,0,0,0.08,1,1,0.05,0,0,0.7,TRUE,FALSE,Illumina
461,SRR10246663,784,1072,785,1071,0,1540,V5,V6,V4,V7,0.08,0.05,V4 and V7 below threshold of 0.7,0,0,0,0.08,1,1,0.05,0,0,0.7,TRUE,FALSE,Illumina
462,SRR10246664,784,1072,785,1071,0,1540,V5,V6,V4,V7,0.08,0.05,V4 and V7 below threshold of 0.7,0,0,0,0.08,1,1,0.05,0,0,0.7,TRUE,FALSE,Illumina
463,SRR10246665,784,1072,785,1071,0,1540,V5,V6,V4,V7,0.08,0.05,V4 and V7 below threshold of 0.7,0,0,0,0.08,1,1,0.05,0,0,0.7,TRUE,FALSE,Illumina
464,SRR10246666,784,1072,785,1071,0,1540,V5,V6,V4,V7,0.08,0.05,V4 and V7 below threshold of 0.7,0,0,0,0.08,1,1,0.05,0,0,0.7,TRUE,FALSE,Illumina
465,SRR10246667,340,804,339,803,0,1540,V3,V4,V3,V4,0.78,0.98,NA,0,0,0.78,0.98,0,0,0,0,0,0.7,FALSE,TRUE,Illumina
466,SRR10246668,341,804,339,803,0,1540,V3,V4,V3,V4,0.78,0.98,NA,0,0,0.78,0.98,0,0,0,0,0,0.7,FALSE,TRUE,Illumina
467,SRR10246669,784,1072,785,1071,0,1540,V5,V6,V4,V7,0.08,0.05,V4 and V7 below threshold of 0.7,0,0,0,0.08,1,1,0.05,0,0,0.7,TRUE,FALSE,Illumina
468,SRR10246670,340,804,339,803,0,1540,V3,V4,V3,V4,0.78,0.98,NA,0,0,0.78,0.98,0,0,0,0,0,0.7,FALSE,TRUE,Illumina
469,SRR10246671,339,804,339,803,0,1540,V3,V4,V3,V4,0.78,0.98,NA,0,0,0.78,0.98,0,0,0,0,0,0.7,FALSE,TRUE,Illumina
470,SRR10246672,341,804,339,803,0,1540,V3,V4,V3,V4,0.78,0.98,NA,0,0,0.78,0.98,0,0,0,0,0,0.7,FALSE,TRUE,Illumina
471,SRR10246673,341,804,339,803,0,1540,V3,V4,V3,V4,0.78,0.98,NA,0,0,0.78,0.98,0,0,0,0,0,0.7,FALSE,TRUE,Illumina
472,SRR10246674,340,804,339,803,0,1540,V3,V4,V3,V4,0.78,0.98,NA,0,0,0.78,0.98,0,0,0,0,0,0.7,FALSE,TRUE,Illumina
473,SRR10246675,339,804,339,803,0,1540,V3,V4,V3,V4,0.78,0.98,NA,0,0,0.78,0.98,0,0,0,0,0,0.7,FALSE,TRUE,Illumina
474,SRR10246676,340,804,339,803,0,1540,V3,V4,V3,V4,0.78,0.98,NA,0,0,0.78,0.98,0,0,0,0,0,0.7,FALSE,TRUE,Illumina
475,SRR10246677,339,804,339,803,0,1540,V3,V4,V3,V4,0.78,0.98,NA,0,0,0.78,0.98,0,0,0,0,0,0.7,FALSE,TRUE,Illumina
476,SRR10246678,464,805,513,804,0,1540,V4,V4,V4,V4,0.88,0.88,NA,0,0,0,0.88,0,0,0,0,0,0.7,TRUE,TRUE,Illumina
477,SRR10246679,339,804,339,803,0,1540,V3,V4,V3,V4,0.78,0.98,NA,0,0,0.78,0.98,0,0,0,0,0,0.7,FALSE,TRUE,Illumina
478,SRR10246680,784,1072,785,1071,0,1540,V5,V6,V4,V7,0.08,0.05,V4 and V7 below threshold of 0.7,0,0,0,0.08,1,1,0.05,0,0,0.7,TRUE,FALSE,Illumina
479,SRR10246681,340,804,339,803,0,1540,V3,V4,V3,V4,0.78,0.98,NA,0,0,0.78,0.98,0,0,0,0,0,0.7,FALSE,TRUE,Illumina
480,SRR10246682,340,804,339,803,0,1540,V3,V4,V3,V4,0.78,0.98,NA,0,0,0.78,0.98,0,0,0,0,0,0.7,FALSE,TRUE,Illumina
481,SRR10246683,341,804,339,803,0,1540,V3,V4,V3,V4,0.78,0.98,NA,0,0,0.78,0.98,0,0,0,0,0,0.7,FALSE,TRUE,Illumina
482,SRR10246684,340,804,339,803,0,1540,V3,V4,V3,V4,0.78,0.98,NA,0,0,0.78,0.98,0,0,0,0,0,0.7,FALSE,TRUE,Illumina
483,SRR10246685,342,805,339,803,0,1540,V3,V4,V3,V4,0.78,0.98,NA,0,0,0.78,0.98,0,0,0,0,0,0.7,FALSE,TRUE,Illumina
484,SRR10246686,341,804,339,803,0,1540,V3,V4,V3,V4,0.78,0.98,NA,0,0,0.78,0.98,0,0,0,0,0,0.7,FALSE,TRUE,Illumina
485,SRR10246687,343,804,339,803,0,1540,V3,V4,V3,V4,0.78,0.98,NA,0,0,0.78,0.98,0,0,0,0,0,0.7,FALSE,TRUE,Illumina
486,SRR10246688,338,804,339,803,0,1540,V3,V4,V3,V4,0.78,0.98,NA,0,0,0.78,0.98,0,0,0,0,0,0.7,FALSE,TRUE,Illumina
487,SRR10246689,339,804,339,803,0,1540,V3,V4,V3,V4,0.78,0.98,NA,0,0,0.78,0.98,0,0,0,0,0,0.7,FALSE,TRUE,Illumina
488,SRR10246690,342,804,339,803,0,1540,V3,V4,V3,V4,0.78,0.98,NA,0,0,0.78,0.98,0,0,0,0,0,0.7,FALSE,TRUE,Illumina
489,SRR10246691,784,1072,785,1071,0,1540,V5,V6,V4,V7,0.08,0.05,V4 and V7 below threshold of 0.7,0,0,0,0.08,1,1,0.05,0,0,0.7,TRUE,FALSE,Illumina
490,SRR10246692,340,804,339,803,0,1540,V3,V4,V3,V4,0.78,0.98,NA,0,0,0.78,0.98,0,0,0,0,0,0.7,FALSE,TRUE,Illumina
491,SRR10246693,342,804,339,803,0,1540,V3,V4,V3,V4,0.78,0.98,NA,0,0,0.78,0.98,0,0,0,0,0,0.7,FALSE,TRUE,Illumina
492,SRR10246694,340,804,339,803,0,1540,V3,V4,V3,V4,0.78,0.98,NA,0,0,0.78,0.98,0,0,0,0,0,0.7,FALSE,TRUE,Illumina
493,SRR10246695,346,804,339,803,0,1540,V3,V4,V3,V4,0.78,0.98,NA,0,0,0.78,0.98,0,0,0,0,0,0.7,FALSE,TRUE,Illumina
494,SRR10246696,343,804,339,803,0,1540,V3,V4,V3,V4,0.78,0.98,NA,0,0,0.78,0.98,0,0,0,0,0,0.7,FALSE,TRUE,Illumina
495,SRR10246697,340,804,339,803,0,1540,V3,V4,V3,V4,0.78,0.98,NA,0,0,0.78,0.98,0,0,0,0,0,0.7,FALSE,TRUE,Illumina
496,SRR10246698,340,804,339,803,0,1540,V3,V4,V3,V4,0.78,0.98,NA,0,0,0.78,0.98,0,0,0,0,0,0.7,FALSE,TRUE,Illumina
497,SRR10246699,339,804,339,803,0,1540,V3,V4,V3,V4,0.78,0.98,NA,0,0,0.78,0.98,0,0,0,0,0,0.7,FALSE,TRUE,Illumina
498,SRR10246700,339,804,339,803,0,1540,V3,V4,V3,V4,0.78,0.98,NA,0,0,0.78,0.98,0,0,0,0,0,0.7,FALSE,TRUE,Illumina
499,SRR10246701,339,804,339,803,0,1540,V3,V4,V3,V4,0.78,0.98,NA,0,0,0.78,0.98,0,0,0,0,0,0.7,FALSE,TRUE,Illumina
500,SRR10246702,784,1072,785,1071,0,1540,V5,V6,V4,V7,0.08,0.05,V4 and V7 below threshold of 0.7,0,0,0,0.08,1,1,0.05,0,0,0.7,TRUE,FALSE,Illumina
501,SRR10246703,339,804,339,803,0,1540,V3,V4,V3,V4,0.78,0.98,NA,0,0,0.78,0.98,0,0,0,0,0,0.7,FALSE,TRUE,Illumina
502,SRR10246704,339,804,339,803,0,1540,V3,V4,V3,V4,0.78,0.98,NA,0,0,0.78,0.98,0,0,0,0,0,0.7,FALSE,TRUE,Illumina
503,SRR10246705,341,804,339,803,0,1540,V3,V4,V3,V4,0.78,0.98,NA,0,0,0.78,0.98,0,0,0,0,0,0.7,FALSE,TRUE,Illumina
504,SRR10246706,339,804,339,803,0,1540,V3,V4,V3,V4,0.78,0.98,NA,0,0,0.78,0.98,0,0,0,0,0,0.7,FALSE,TRUE,Illumina
505,SRR10246707,339,804,339,803,0,1540,V3,V4,V3,V4,0.78,0.98,NA,0,0,0.78,0.98,0,0,0,0,0,0.7,FALSE,TRUE,Illumina
506,SRR10246708,339,804,339,803,0,1540,V3,V4,V3,V4,0.78,0.98,NA,0,0,0.78,0.98,0,0,0,0,0,0.7,FALSE,TRUE,Illumina
507,SRR10246709,340,804,339,803,0,1540,V3,V4,V3,V4,0.78,0.98,NA,0,0,0.78,0.98,0,0,0,0,0,0.7,FALSE,TRUE,Illumina
508,SRR10246710,340,804,339,803,0,1540,V3,V4,V3,V4,0.78,0.98,NA,0,0,0.78,0.98,0,0,0,0,0,0.7,FALSE,TRUE,Illumina
509,SRR10246711,339,804,339,803,0,1540,V3,V4,V3,V4,0.78,0.98,NA,0,0,0.78,0.98,0,0,0,0,0,0.7,FALSE,TRUE,Illumina
510,SRR10246712,339,804,339,803,0,1540,V3,V4,V3,V4,0.78,0.98,NA,0,0,0.78,0.98,0,0,0,0,0,0.7,FALSE,TRUE,Illumina
511,SRR10246713,784,1072,785,1071,0,1540,V5,V6,V4,V7,0.08,0.05,V4 and V7 below threshold of 0.7,0,0,0,0.08,1,1,0.05,0,0,0.7,TRUE,FALSE,Illumina
512,SRR10246714,340,804,339,803,0,1540,V3,V4,V3,V4,0.78,0.98,NA,0,0,0.78,0.98,0,0,0,0,0,0.7,FALSE,TRUE,Illumina
513,SRR10246715,339,804,339,803,0,1540,V3,V4,V3,V4,0.78,0.98,NA,0,0,0.78,0.98,0,0,0,0,0,0.7,FALSE,TRUE,Illumina
514,SRR10246716,341,804,339,803,0,1540,V3,V4,V3,V4,0.78,0.98,NA,0,0,0.78,0.98,0,0,0,0,0,0.7,FALSE,TRUE,Illumina
515,SRR10246717,339,804,339,803,0,1540,V3,V4,V3,V4,0.78,0.98,NA,0,0,0.78,0.98,0,0,0,0,0,0.7,FALSE,TRUE,Illumina
516,SRR10246718,341,805,339,803,0,1540,V3,V4,V3,V4,0.78,0.98,NA,0,0,0.78,0.98,0,0,0,0,0,0.7,FALSE,TRUE,Illumina
517,SRR10246719,343,804,339,803,0,1540,V3,V4,V3,V4,0.78,0.98,NA,0,0,0.78,0.98,0,0,0,0,0,0.7,FALSE,TRUE,Illumina
518,SRR10246720,512,805,513,804,0,1540,V4,V4,V4,V4,0.88,0.88,NA,0,0,0,0.88,0,0,0,0,0,0.7,TRUE,TRUE,Illumina
519,SRR10246721,512,805,513,804,0,1540,V4,V4,V4,V4,0.88,0.88,NA,0,0,0,0.88,0,0,0,0,0,0.7,TRUE,TRUE,Illumina
520,SRR10246722,512,805,513,804,0,1540,V4,V4,V4,V4,0.88,0.88,NA,0,0,0,0.88,0,0,0,0,0,0.7,TRUE,TRUE,Illumina
521,SRR10246724,784,1072,785,1071,0,1540,V5,V6,V4,V7,0.08,0.05,V4 and V7 below threshold of 0.7,0,0,0,0.08,1,1,0.05,0,0,0.7,TRUE,FALSE,Illumina
522,SRR10246725,512,805,513,804,0,1540,V4,V4,V4,V4,0.88,0.88,NA,0,0,0,0.88,0,0,0,0,0,0.7,TRUE,TRUE,Illumina
523,SRR10246726,513,806,513,804,0,1540,V4,V4,V4,V4,0.88,0.88,NA,0,0,0,0.88,0,0,0,0,0,0.7,TRUE,TRUE,Illumina
524,SRR10246727,512,805,513,804,0,1540,V4,V4,V4,V4,0.88,0.88,NA,0,0,0,0.88,0,0,0,0,0,0.7,TRUE,TRUE,Illumina
525,SRR10246728,512,805,513,804,0,1540,V4,V4,V4,V4,0.88,0.88,NA,0,0,0,0.88,0,0,0,0,0,0.7,TRUE,TRUE,Illumina
526,SRR10246729,512,805,513,804,0,1540,V4,V4,V4,V4,0.88,0.88,NA,0,0,0,0.88,0,0,0,0,0,0.7,TRUE,TRUE,Illumina
527,SRR10246730,512,805,513,804,0,1540,V4,V4,V4,V4,0.88,0.88,NA,0,0,0,0.88,0,0,0,0,0,0.7,TRUE,TRUE,Illumina
528,SRR10246731,512,805,513,804,0,1540,V4,V4,V4,V4,0.88,0.88,NA,0,0,0,0.88,0,0,0,0,0,0.7,TRUE,TRUE,Illumina
529,SRR10246732,512,805,513,804,0,1540,V4,V4,V4,V4,0.88,0.88,NA,0,0,0,0.88,0,0,0,0,0,0.7,TRUE,TRUE,Illumina
530,SRR10246733,512,805,513,804,0,1540,V4,V4,V4,V4,0.88,0.88,NA,0,0,0,0.88,0,0,0,0,0,0.7,TRUE,TRUE,Illumina
531,SRR10246734,513,805,513,804,0,1540,V4,V4,V4,V4,0.88,0.88,NA,0,0,0,0.88,0,0,0,0,0,0.7,TRUE,TRUE,Illumina
532,SRR10246735,784,1072,785,1071,0,1540,V5,V6,V4,V7,0.08,0.05,V4 and V7 below threshold of 0.7,0,0,0,0.08,1,1,0.05,0,0,0.7,TRUE,FALSE,Illumina
533,SRR10246736,512,805,513,804,0,1540,V4,V4,V4,V4,0.88,0.88,NA,0,0,0,0.88,0,0,0,0,0,0.7,TRUE,TRUE,Illumina
534,SRR10246737,512,805,513,804,0,1540,V4,V4,V4,V4,0.88,0.88,NA,0,0,0,0.88,0,0,0,0,0,0.7,TRUE,TRUE,Illumina
535,SRR10246738,512,805,513,804,0,1540,V4,V4,V4,V4,0.88,0.88,NA,0,0,0,0.88,0,0,0,0,0,0.7,TRUE,TRUE,Illumina
536,SRR10246739,512,805,513,804,0,1540,V4,V4,V4,V4,0.88,0.88,NA,0,0,0,0.88,0,0,0,0,0,0.7,TRUE,TRUE,Illumina
537,SRR10246740,513,806,513,804,0,1540,V4,V4,V4,V4,0.88,0.88,NA,0,0,0,0.88,0,0,0,0,0,0.7,TRUE,TRUE,Illumina
538,SRR10246741,512,805,513,804,0,1540,V4,V4,V4,V4,0.88,0.88,NA,0,0,0,0.88,0,0,0,0,0,0.7,TRUE,TRUE,Illumina
539,SRR10246742,512,805,513,804,0,1540,V4,V4,V4,V4,0.88,0.88,NA,0,0,0,0.88,0,0,0,0,0,0.7,TRUE,TRUE,Illumina
540,SRR10246743,513,806,513,804,0,1540,V4,V4,V4,V4,0.88,0.88,NA,0,0,0,0.88,0,0,0,0,0,0.7,TRUE,TRUE,Illumina
541,SRR10246744,512,805,513,804,0,1540,V4,V4,V4,V4,0.88,0.88,NA,0,0,0,0.88,0,0,0,0,0,0.7,TRUE,TRUE,Illumina
542,SRR10246745,512,805,513,804,0,1540,V4,V4,V4,V4,0.88,0.88,NA,0,0,0,0.88,0,0,0,0,0,0.7,TRUE,TRUE,Illumina
543,SRR10246746,784,1072,785,1071,0,1540,V5,V6,V4,V7,0.08,0.05,V4 and V7 below threshold of 0.7,0,0,0,0.08,1,1,0.05,0,0,0.7,TRUE,FALSE,Illumina
544,SRR10246747,512,805,513,804,0,1540,V4,V4,V4,V4,0.88,0.88,NA,0,0,0,0.88,0,0,0,0,0,0.7,TRUE,TRUE,Illumina
545,SRR10246748,512,805,513,804,0,1540,V4,V4,V4,V4,0.88,0.88,NA,0,0,0,0.88,0,0,0,0,0,0.7,TRUE,TRUE,Illumina
546,SRR10246749,512,805,513,804,0,1540,V4,V4,V4,V4,0.88,0.88,NA,0,0,0,0.88,0,0,0,0,0,0.7,TRUE,TRUE,Illumina
547,SRR10246750,512,805,513,804,0,1540,V4,V4,V4,V4,0.88,0.88,NA,0,0,0,0.88,0,0,0,0,0,0.7,TRUE,TRUE,Illumina
548,SRR10246751,512,805,513,804,0,1540,V4,V4,V4,V4,0.88,0.88,NA,0,0,0,0.88,0,0,0,0,0,0.7,TRUE,TRUE,Illumina
549,SRR10246752,512,805,513,804,0,1540,V4,V4,V4,V4,0.88,0.88,NA,0,0,0,0.88,0,0,0,0,0,0.7,TRUE,TRUE,Illumina
550,SRR10246753,512,805,513,804,0,1540,V4,V4,V4,V4,0.88,0.88,NA,0,0,0,0.88,0,0,0,0,0,0.7,TRUE,TRUE,Illumina
551,SRR10246754,512,805,513,804,0,1540,V4,V4,V4,V4,0.88,0.88,NA,0,0,0,0.88,0,0,0,0,0,0.7,TRUE,TRUE,Illumina
552,SRR10246755,512,805,513,804,0,1540,V4,V4,V4,V4,0.88,0.88,NA,0,0,0,0.88,0,0,0,0,0,0.7,TRUE,TRUE,Illumina
553,SRR10246756,512,805,513,804,0,1540,V4,V4,V4,V4,0.88,0.88,NA,0,0,0,0.88,0,0,0,0,0,0.7,TRUE,TRUE,Illumina
554,SRR10246757,784,1072,785,1071,0,1540,V5,V6,V4,V7,0.08,0.05,V4 and V7 below threshold of 0.7,0,0,0,0.08,1,1,0.05,0,0,0.7,TRUE,FALSE,Illumina
555,SRR10246758,512,805,513,804,0,1540,V4,V4,V4,V4,0.88,0.88,NA,0,0,0,0.88,0,0,0,0,0,0.7,TRUE,TRUE,Illumina
556,SRR10246759,512,805,513,804,0,1540,V4,V4,V4,V4,0.88,0.88,NA,0,0,0,0.88,0,0,0,0,0,0.7,TRUE,TRUE,Illumina
557,SRR10246760,512,805,513,804,0,1540,V4,V4,V4,V4,0.88,0.88,NA,0,0,0,0.88,0,0,0,0,0,0.7,TRUE,TRUE,Illumina
558,SRR10246761,512,805,513,804,0,1540,V4,V4,V4,V4,0.88,0.88,NA,0,0,0,0.88,0,0,0,0,0,0.7,TRUE,TRUE,Illumina
559,SRR10246762,512,805,513,804,0,1540,V4,V4,V4,V4,0.88,0.88,NA,0,0,0,0.88,0,0,0,0,0,0.7,TRUE,TRUE,Illumina
560,SRR10246763,512,805,513,804,0,1540,V4,V4,V4,V4,0.88,0.88,NA,0,0,0,0.88,0,0,0,0,0,0.7,TRUE,TRUE,Illumina
561,SRR10246764,512,805,513,804,0,1540,V4,V4,V4,V4,0.88,0.88,NA,0,0,0,0.88,0,0,0,0,0,0.7,TRUE,TRUE,Illumina
562,SRR10246765,512,805,513,804,0,1540,V4,V4,V4,V4,0.88,0.88,NA,0,0,0,0.88,0,0,0,0,0,0.7,TRUE,TRUE,Illumina
563,SRR10246766,512,805,513,804,0,1540,V4,V4,V4,V4,0.88,0.88,NA,0,0,0,0.88,0,0,0,0,0,0.7,TRUE,TRUE,Illumina
564,SRR10246767,512,805,513,804,0,1540,V4,V4,V4,V4,0.88,0.88,NA,0,0,0,0.88,0,0,0,0,0,0.7,TRUE,TRUE,Illumina
565,SRR10246768,783,1071,785,1071,0,1540,V5,V6,V4,V7,0.08,0.05,V4 and V7 below threshold of 0.7,0,0,0,0.08,1,1,0.05,0,0,0.7,TRUE,FALSE,Illumina
566,SRR10246769,783,1072,785,1071,0,1540,V5,V6,V4,V7,0.08,0.05,V4 and V7 below threshold of 0.7,0,0,0,0.08,1,1,0.05,0,0,0.7,TRUE,FALSE,Illumina
567,SRR10246770,783,1072,785,1071,0,1540,V5,V6,V4,V7,0.08,0.05,V4 and V7 below threshold of 0.7,0,0,0,0.08,1,1,0.05,0,0,0.7,TRUE,FALSE,Illumina
